No,Title,Artist,BPM,ENERGY,DANCE,LOUD,VALENCE,LENGTH,ACOUSTIC,GENRE,KATEGORI EMOSI,Cover_url
1,Suket Teki,Didi Kempot,132,48,70,-12,86,4:39,55,Dangdut,sad,https://lh3.googleusercontent.com/u/0/d/1t1fSq4Bc3n1vx6slqHvoeVHevEBZu21D
2,Margaret (feat. Bleachers),Lana Del Rey,104,25,34,-13,19,5:40,97,Pop Indie,sad,https://lh3.googleusercontent.com/u/0/d/1ZKFn79i5EBViUNBowjsrLOivOTp2zA6T
3,Young And Beautiful,Lana Del Rey,114,42,32,-9,15,3:58,26,Pop Indie,sad,https://lh3.googleusercontent.com/u/0/d/1eFMPQP9h9pti1ZNerRmADn6kkXDd4d4U
4,to be with me,Nadhif Basalamah,100,39,66,-9,59,3:39,43,R&B,sad,https://lh3.googleusercontent.com/u/0/d/1t5f8g0hHiVB1oMhNjlIBZahXmGnkoSWB
5,That Should Be Me,Justin Bieber,140,60,55,-6,23,3:52,20,Pop,sad,https://lh3.googleusercontent.com/u/0/d/1mFaij1Q69SvIqNVBnud-Vs9lLlrszbHr
6,You'll Be in My Heart,NIKI,188,61,49,-9,63,4:03,6,R&B,relaxed,https://lh3.googleusercontent.com/u/0/d/1P9_egAO83BkSwHT4NYCF_w6XRb4a0UNh
7,Who Knows,Daniel Caesar,121,26,67,-15,39,3:46,76,R&B,sad,https://lh3.googleusercontent.com/u/0/d/1TEEICCyxqAPVDy2bZ8xHa-HadWxGwGXv
8,I Can Do It With a Broken Heart,Taylor Swift,130,75,70,-8,22,3:42,12,Pop,angry,https://lh3.googleusercontent.com/u/0/d/1UD2j_gFeLSqnpf8M-3amRNOyQinwcVnK
9,Fast Times,Sabrina Carpenter,132,67,72,-5,74,3:05,7,Pop,happy,https://lh3.googleusercontent.com/u/0/d/1ChZaGxmw425FmEbpw-7oSoqhhqus7ehB
10,Manot,Happy Asmara,125,61,73,-8,59,6:33,56,Pop Jawa,sad,https://lh3.googleusercontent.com/u/0/d/16IThyX01XEkFKwXgOs8gB14MvBSlIh_o
11,Negoro Angin,Denny Caknan,125,74,58,-6,48,5:07,35,Pop Jawa,sad,https://lh3.googleusercontent.com/u/0/d/1YqcQgd5nEiRZO9GSftXBGq1TTDC2Xlxa
12,Sanes,Guyon Waton,130,64,61,-9,54,5:41,18,Pop Jawa,sad,https://lh3.googleusercontent.com/u/0/d/1AU023fuwo0ZZTQW4S-WTjsEtiCKoPdRw
13,Sang Dewi,Lyodra,82,58,34,-5,32,4:08,55,Pop,relaxed,https://lh3.googleusercontent.com/u/0/d/1KK0kBdxlzUz5FEdVQvQlEbg-kXrIQOdB
14,Tanjung Mas Ninggal Janji,Denny Caknan,131,77,41,-6,45,5:09,21,Pop Jawa,sad,https://lh3.googleusercontent.com/u/0/d/1LmtvVsVyJ_ygIxWtkBR2vsqwmhZRDFeN
15,My Heart,Acha Septriasa,89,37,39,-9,12,4:29,56,Pop,sad,https://lh3.googleusercontent.com/u/0/d/1ZhV2CrY597UW2dUPrzZv3u8Q1AZPrO5W
16,Sumpah Dan Cinta Matiku,Nidji,147,50,36,-8,13,6:11,73,Rock,sad,https://lh3.googleusercontent.com/u/0/d/1gNvY-CfhclXI0NaHPo0bDyG0OeSX0p3U
17,Mangu,Fourtwnty,94,33,53,-8,18,4:22,60,Pop Indo,sad,https://lh3.googleusercontent.com/u/0/d/1ioWgTVkV9EOP-gqsDTq8B8adOeC6XqcM
18,"Bercinta Lewat Kata - From ""Jatuh Cinta Seperti di Film-Film""",Donne Maula,120,30,60,-12,37,2:50,92,Dangdut,relaxed,https://lh3.googleusercontent.com/u/0/d/1osMkiillFBmSHFHH2eRBP9hEP1s0UESD
19,Apakah Itu Cinta,Ipank,100,57,52,-6,34,5:59,35,Pop,relaxed,https://lh3.googleusercontent.com/u/0/d/1eJjd0iipBVoEoahnr3RPfa95ELEVlnVa
20,Berona,Rizky Febian,95,66,67,-8,71,3:21,9,Pop,relaxed,https://lh3.googleusercontent.com/u/0/d/1bJcC7Gqz0-md6ynwHUejnpiRAzOACF9i
21,Roses,The Chainsmokers,100,80,71,-7,34,3:50,4,Electronic,happy,https://lh3.googleusercontent.com/u/0/d/1cE4DJXd-EOuRTsLIo7rFIZX5s7esc6He
22,Khayalan,Hivi!,130,85,68,-7,53,4:38,7,Pop,happy,https://lh3.googleusercontent.com/u/0/d/1ZqvuNqI68-tDyLLsAtoTnT1mUf8pWOXw
23,Khayalan Tingkat Tinggi,Noah,140,89,48,-6,69,3:24,3,Rock,happy,https://lh3.googleusercontent.com/u/0/d/1FFL9Mr32FTmp7Esgu_rmGPkm40JXEbX0
24,Dalan Liyane,Guyon Waton,130,54,72,-7,64,4:20,78,Pop Jawa,sad,https://lh3.googleusercontent.com/u/0/d/1GAqNVmcOjmd3CNwJhShPkJqDk6_95elY
25,Terakhir Kali,Wijaya 80,132,69,55,-4,32,4:51,19,Pop Indo,sad,https://lh3.googleusercontent.com/u/0/d/1VpikHmBWgDlPEs-wpEjMtdvEQfPYe-dG
26,Terbuang Dalam Waktu,Barasuara,102,69,20,-5,26,5:30,4,Rock,sad,https://lh3.googleusercontent.com/u/0/d/1dH6LOxbo_8GDj52fkvtRAiFWKNNzOm9o
27,Di Akhir Perang,Nadin Amizah,140,57,42,-8,39,3:58,74,Pop Indo,relaxed,https://lh3.googleusercontent.com/u/0/d/1g4LNsavfia1D8t3C43dO82F78QRZnLpf
28,"Moro Moro Teko - From ""Cidro Asmoro""",Ndarboy Genk,120,78,64,-6,55,5:34,37,Pop Jawa,happy,https://lh3.googleusercontent.com/u/0/d/18lz9l2aFyYodbydty_w32ZioTvNH6Flk
29,Mati-Matian,Mahalini,117,39,44,-6,18,4:04,80,Pop,relaxed,https://lh3.googleusercontent.com/u/0/d/1yuxLHMOevtg6zK1D48KWS0857b5Uig9Q
30,Nemen,Guyon Waton,132,62,72,-9,64,4:48,18,Pop Jawa,sad,https://lh3.googleusercontent.com/u/0/d/1ANZahAXJQdfpcGFFM8kvVU0kNHMMsBto
31,Kleru,Happy Asmara,122,22,54,-10,31,5:54,97,Pop Jawa,sad,https://lh3.googleusercontent.com/u/0/d/1Q1-t0L4AmLBlFb8Ozpr3OMr3JcgsI6qg
32,XXL,LANY,151,73,39,-5,51,3:26,1,Pop Indie,sad,https://lh3.googleusercontent.com/u/0/d/1mPfXQ6-eTTcf3X6waxSzxzz-4myusLtJ
33,everything u are,Hindia,156,88,49,-4,55,3:56,3,Pop Indo,happy,https://lh3.googleusercontent.com/u/0/d/14VBTjyZ7EQ-Pev813TEgbcy3Viq2ci4i
34,Besok Mungkin Kita Sampai,Hindia,95,71,66,-7,49,4:00,18,Pop Indo,happy,https://lh3.googleusercontent.com/u/0/d/1oidP8bAXFkWL52pG7fTvzZ6poWa3MJIj
35,Kita Ke Sana,Hindia,112,82,66,-5,9,4:42,2,Pop Indo,happy,https://lh3.googleusercontent.com/u/0/d/1YTBdTEU-f73Q4HCWfCnn4Zl9Qyww6h36
36,Rumah Ke Rumah,Hindia,116,79,72,-7,49,4:37,46,Pop Indo,happy,https://lh3.googleusercontent.com/u/0/d/1js0MpeeHDGV_nJe0AnOWk9mPviuBmCDR
37,Cincin,Hindia,155,88,53,-4,48,4:26,0,Pop Indo,angry,https://lh3.googleusercontent.com/u/0/d/14NpCRYBcezdMHMzH6PJnKhKfOnVBfNle
38,Nina,.Feast,90,63,46,-6,33,4:38,18,Pop Indo,sad,https://lh3.googleusercontent.com/u/0/d/1gXtBtBafDF73_G51MVyxQqt3ZmYXae33
39,Masalah Masa Depan,Hindia,102,63,77,-6,30,4:46,27,Pop Indo,angry,https://lh3.googleusercontent.com/u/0/d/1crb0DmHPrk-kENolXVO3aPa2LRJCfG5L
40,Evaluasi,Hindia,102,97,61,-4,51,3:22,0,Pop Indo,angry,https://lh3.googleusercontent.com/u/0/d/1FUqnui8Fb6jtwq3sEeWLFkKzXshtK6-G
41,Kamu Jahat Banget,NDX A.K.A.,85,77,43,-8,67,5:02,16,Pop Jawa,sad,https://lh3.googleusercontent.com/u/0/d/1s66M18ssKvmFzg-5QOueuvVnsVKg3tPf
42,Runaway Baby,Bruno Mars,164,76,66,-3,82,2:27,26,R&B,happy,https://lh3.googleusercontent.com/u/0/d/1504WjfuyT_lnz0TXVKekKWYByI2LlPBC
43,Sampek Tuwek,Denny Caknan,120,64,71,-5,58,5:20,29,Pop Jawa,happy,https://lh3.googleusercontent.com/u/0/d/1tZYe0nawyDUT7GtOVBCM2wUbJFM-tdSz
44,Wes Tatas,Happy Asmara,131,69,66,-6,55,4:06,8,Pop Jawa,angry,https://lh3.googleusercontent.com/u/0/d/1uIKiawtpt7Cz6IaIHrlTHREYm-3QKwjd
45,Best Song Ever,One Direction,118,88,65,-3,49,3:20,2,Pop,happy,https://lh3.googleusercontent.com/u/0/d/1dok9CKomd2laDaXSws2ytDPzOWO4rm1F
46,Cinta 'Kan Membawamu Kembali,Dewa 19,140,19,55,-13,26,4:17,79,Rock,sad,https://lh3.googleusercontent.com/u/0/d/1kNov6hJ8krccrc-DHKZa8m-ImGLusCj7
47,Rasah Nyangkem 3,Happy Asmara,131,68,50,-8,55,4:41,33,Pop Jawa,relaxed,https://lh3.googleusercontent.com/u/0/d/1edVpe6v5SbtM6Gej8x_AwnB0WCXRyK9Z
48,Perfect,Ed Sheeran,95,45,60,-6,17,4:23,16,Pop,relaxed,https://lh3.googleusercontent.com/u/0/d/1yDNFZmIKtUF_T0fZyRKk6kBsK0Y5a4Sa
49,Layang Kangen,Didi Kempot,140,65,66,-7,87,5:10,8,Dangdut,angry,https://lh3.googleusercontent.com/u/0/d/1IUp_nZS_YMetsK8pDTx2yd762G1vMruI
50,Say Yes To Heaven,Lana Del Rey,100,35,49,-12,14,3:29,68,Pop Indie,relaxed,https://lh3.googleusercontent.com/u/0/d/1tr5U2w9LH6IFH8U5vWBku-keab11i0vV
51,Nonsense,Sabrina Carpenter,139,70,74,-5,73,2:51,3,Pop,happy,https://lh3.googleusercontent.com/u/0/d/11YHSTWVPZAptn5izhGA4lvEr9WA4MRK3
52,Sssst...,Sore,92,60,54,-7,62,4:29,26,Pop Indo,relaxed,https://lh3.googleusercontent.com/u/0/d/1ys3GboeW8RDkBeOyp3zEw11n_zVXTbFa
53,Aku Milikmu,Dewa 19,135,69,48,-8,23,5:32,67,Rock,relaxed,https://lh3.googleusercontent.com/u/0/d/1bF8oLq5dvb_A-4BHNUpPVP-W8yn9IyDu
54,Separuh Nafas,Dewa 19,100,94,57,-6,96,3:43,0,Rock,happy,https://lh3.googleusercontent.com/u/0/d/1tQYqQT7Tl2fhm2c2JS7kydsu9srGHZ9e
55,Dan...,Sheila On 7,125,54,66,-12,54,4:41,16,Rock,sad,https://lh3.googleusercontent.com/u/0/d/14HKzF169vYnf4sUz7c8zRyGMP27rKiEk
56,Kelingan Mantan,NDX A.K.A.,140,78,67,-6,57,3:19,57,Pop Jawa,angry,https://lh3.googleusercontent.com/u/0/d/1nMOZiwwyiphChBHVJi5vA5P0GUQ41RqY
57,Cintanya Aku,Tiara Andini,118,34,52,-9,33,3:54,72,Pop,relaxed,https://lh3.googleusercontent.com/u/0/d/1hmW5tJJwmCq8haucsriDWOYVRwbbKDfq
58,deja vu,Olivia Rodrigo,181,61,44,-7,18,3:36,58,Rock,sad,https://lh3.googleusercontent.com/u/0/d/1TljhrkpC2LJP2K_3XRI-fAFrfo9KypNH
59,18,One Direction,124,58,68,-8,22,4:08,22,Pop,relaxed,https://lh3.googleusercontent.com/u/0/d/1E-BsA1VlLwSnHaNfJvk9-nDo7OCP8U7I
60,About You,The 1975,96,76,42,-7,46,5:26,31,Pop Indie,sad,https://lh3.googleusercontent.com/u/0/d/1OwVPRUrGu-FGRXc4PHPPoG_aQ1rjjS9R
61,To the Bone,Pamungkas,140,73,67,-7,94,5:47,51,Pop Indo,sad,https://lh3.googleusercontent.com/u/0/d/1SknZHwjOvOLXYaG8a5ymAFhzMI8MdRv6
62,Right Now,One Direction,120,78,65,-5,37,3:22,22,Pop,happy,https://lh3.googleusercontent.com/u/0/d/1-0dk_AsAP9RI52SKOW6vbGxFP8_mJlVZ
63,bellyache,Billie Eilish,100,57,70,-9,41,2:59,46,Pop Indie,sad,https://lh3.googleusercontent.com/u/0/d/1jtoeju4K4d0nv4BZGXVZW9HHjNYgxcFw
64,WILDFLOWER,Billie Eilish,148,25,47,-12,13,4:21,61,Pop Indie,sad,https://lh3.googleusercontent.com/u/0/d/1a3PbPYDiTLWgIwIYaov9S4J6G72SBW4r
65,Mesra-mesraannya kecil-kecilan dulu,Sal Priadi,175,34,36,-13,31,3:29,79,Folk,relaxed,https://lh3.googleusercontent.com/u/0/d/1uc8WaF-VL9tXczmmDCK4QWWMx9mmFuId
66,Gajah,Tulus,173,34,48,-9,52,4:00,85,Jazz,relaxed,https://lh3.googleusercontent.com/u/0/d/1UyaTiV_HE8yBksI15iFF_DpG-uigVLwr
67,Jatuh Suka,Tulus,89,44,39,-9,36,3:55,67,Jazz,relaxed,https://lh3.googleusercontent.com/u/0/d/1k4zN1LSCrdXhv4-2zpTYzhhmiBZr9J6p
68,Jangan Paksa Rindu - Beda,Ifan Seventeen,140,58,47,-6,13,4:05,53,Rock,sad,https://lh3.googleusercontent.com/u/0/d/1WoNG0-iKx8mQQfHlF1sPfu4QJigLAGjP
69,Proliman Joyo,Denny Caknan,120,70,66,-4,57,5:15,54,Pop Jawa,sad,https://lh3.googleusercontent.com/u/0/d/18UkHei_NZNFrPqnYBNpJpDG6D5hDNgbm
70,Sewates Konco,Lavora,125,58,60,-9,64,5:49,25,Pop Jawa,sad,https://lh3.googleusercontent.com/u/0/d/1Int85j1Rn0IdPUr6BSUxQ_gLUZsucwDr
71,vampire,Olivia Rodrigo,137,53,48,-6,32,3:39,15,Rock,sad,https://lh3.googleusercontent.com/u/0/d/1qaeLimaO4-nFc7RsgiK38vGwX5qeafR3
72,Tegel,La Tasya,140,79,64,-8,73,3:20,61,Pop Jawa,sad,https://lh3.googleusercontent.com/u/0/d/1V8ybWnGprNay666VQO3sFORm-j9Yj3Hc
73,Special,SZA,76,20,60,-12,19,2:40,78,R&B,sad,https://lh3.googleusercontent.com/u/0/d/1kRNYwbWkjXIKZEwkNDjyrKGwXaDm6K17
74,Blowing Smoke,Gracie Abrams,140,63,62,-5,37,3:52,26,Pop Indie,sad,https://lh3.googleusercontent.com/u/0/d/1_UUPPfd0QjxfQOgv-cghYHzuybpnKCLL
75,Chemtrails Over The Country Club,Lana Del Rey,201,28,33,-13,43,4:46,88,Pop Indie,relaxed,https://lh3.googleusercontent.com/u/0/d/14bdd2WVxFl8v0EGcI3PqDsLruo74wxot
76,Penak Konco,Guyon Waton,130,59,59,-7,49,4:26,74,Pop Jawa,sad,https://lh3.googleusercontent.com/u/0/d/1P8WGIB-jIL29mCbQPDC8OHQvky-uQ0q4
77,"Please, Please, Please, Let Me Get What I Want - 2011 Remaster",The Smiths,92,47,24,-10,45,1:52,53,Rock,sad,https://lh3.googleusercontent.com/u/0/d/1149PYElv7l2q4VDKmbqCAvfShquqKFb4
78,Please Please Please,Sabrina Carpenter,107,59,67,-6,58,3:07,27,Pop,sad,https://lh3.googleusercontent.com/u/0/d/1Tl1ws2jos0cURvgRu1kHb4LoUVpSwmK5
79,Manchild,Sabrina Carpenter,123,69,73,-5,81,3:33,12,Pop,angry,https://lh3.googleusercontent.com/u/0/d/1VUnee8eStXvoseoHxueHG_c5pef9wVkK
80,Sebatas Teman,Guyon Waton,127,67,73,-6,72,5:05,36,Pop Jawa,angry,https://lh3.googleusercontent.com/u/0/d/1Zb60EPshyjvLimCcZ-57eNY-SppMnYgo
81,Low,SZA,145,55,70,-7,34,3:02,43,R&B,relaxed,https://lh3.googleusercontent.com/u/0/d/1NUjbx0kFh5j1_tisNIXhbuO8Ghm9p_1x
82,Ngeluwihi,Tiara Andini,134,76,73,-6,65,3:24,15,Pop,happy,https://lh3.googleusercontent.com/u/0/d/1JYsid2LaU1KLYNKJaZnjCacpr3WEyQjM
83,When I Was Your Man,Bruno Mars,73,28,61,-9,39,3:34,93,R&B,sad,https://lh3.googleusercontent.com/u/0/d/1C5iU9fYuDkaTJuj9-Ee0lHrwDvszwvtp
84,drop dead,Olivia Rodrigo,130,74,58,-6,68,3:44,22,Rock,happy,https://lh3.googleusercontent.com/u/0/d/161JZDxOJBR6rtgJM-s4beODiigWz8sZa
85,Lover,Taylor Swift,69,54,36,-8,45,3:41,49,Pop,relaxed,https://lh3.googleusercontent.com/u/0/d/1izZrH2tX44kP4EtpSnH1vRtAEqzUwrx5
86,Mr. Loverman,Ricky Montgomery,130,53,64,-7,49,3:36,25,Pop Indie,sad,https://lh3.googleusercontent.com/u/0/d/1_SbWheradh_oVfWCovP2-52JCWFuL3c2
87,Creepin' (with The Weeknd & 21 Savage),Metro Boomin,98,61,72,-6,16,3:41,39,Hip-Hop,relaxed,https://lh3.googleusercontent.com/u/0/d/153nk8ZtRYfHKMRQeAxUE9XSNuobFy2_3
88,Normal Thing,Gracie Abrams,136,57,47,-10,39,4:02,79,Pop Indie,sad,https://lh3.googleusercontent.com/u/0/d/1tq82CZB_omFdgv1Nw6u0ErUV2nnguUlR
89,Koe Lungo,OMWAWES,100,78,69,-6,57,6:34,6,Pop Jawa,angry,https://lh3.googleusercontent.com/u/0/d/1_lTclyKDA9vQr2dRhWG10K_lRIlaOZJ-
90,Sisa Rasa,Mahalini,122,41,49,-6,15,4:14,51,Pop,sad,https://lh3.googleusercontent.com/u/0/d/1bTcii-iEcwuG9y65WRljvrwIGrRGCz1Z
91,cardigan,Taylor Swift,130,58,61,-9,55,4:00,54,Pop,sad,https://lh3.googleusercontent.com/u/0/d/19o1iejbr01QglUiqtw57CX5_YgvY7LNQ
92,exile (feat. Bon Iver),Taylor Swift,76,38,30,-8,15,4:46,78,Pop,sad,https://lh3.googleusercontent.com/u/0/d/1KH-J7QFYTJjEB8Igtjm4taYe4xelBEGb
93,Lapang Dada,Sheila On 7,94,90,67,-6,70,3:38,43,Rock,happy,https://lh3.googleusercontent.com/u/0/d/1exiGvui8eVVl0RfCXq0M9T7REuVz0O4E
94,Pemuja Rahasia,Sheila On 7,146,69,66,-7,78,3:55,6,Rock,happy,https://lh3.googleusercontent.com/u/0/d/16HAtJ9BAYhKzB8V33r4FfABEvuhrlbSS
95,Good Days,SZA,121,65,46,-9,38,4:37,42,R&B,relaxed,https://lh3.googleusercontent.com/u/0/d/1fgJm663OMJkt12DzzGkb0UE-bJcYCiU5
96,Nobody Gets Me,SZA,100,28,36,-8,28,3:00,81,R&B,sad,https://lh3.googleusercontent.com/u/0/d/1pOyzNUf0bpb_Z3X8PyyZ66rKkmpNoQkj
97,Kultusan,Sal Priadi,176,22,23,-11,18,5:13,96,Folk,sad,https://lh3.googleusercontent.com/u/0/d/1enXGEfn4iF8AT_cv_fB1-745_PMSZZZb
98,Foto kita blur,Sal Priadi,141,71,67,-8,88,4:31,51,Folk,relaxed,https://lh3.googleusercontent.com/u/0/d/1oXmEmoJhKovzoobNLd-yohUW74fTz3jx
99,Mencintaimu,Sal Priadi,142,27,25,-10,20,4:34,97,Folk,sad,https://lh3.googleusercontent.com/u/0/d/1tPisAgUKuk35jU7oYfx0qQg4v4SgFOBE
100,Ada titik-titik di ujung doa,Sal Priadi,126,53,60,-7,41,5:06,54,Folk,relaxed,https://lh3.googleusercontent.com/u/0/d/1QJll5-7QmCiEc8ESnat8BgldSZD6Gpt2
101,L’AMOUR DE MA VIE,Billie Eilish,145,39,47,-9,31,5:34,20,Pop Indie,sad,https://lh3.googleusercontent.com/u/0/d/1L0XJWZ4A_fhEvp-s3qBdbQvp4x9gyvBF
102,BIRDS OF A FEATHER,Billie Eilish,105,51,75,-10,44,3:31,20,Pop Indie,relaxed,https://lh3.googleusercontent.com/u/0/d/1Bp5EniDGuz1-kF5uML11gw8LWp0sYpOh
103,KISINAN,Masdddho,130,54,64,-7,49,4:33,65,Pop Jawa,sad,https://lh3.googleusercontent.com/u/0/d/1EjUIVbzLPnfm6IYfe-4DTbvX3e3wtBR-
104,Rungkad,Happy Asmara,135,71,74,-7,61,4:28,73,Pop Jawa,sad,https://lh3.googleusercontent.com/u/0/d/1flWXWXeEsgJZvZljZuNgI_xjgr1bJzk-
105,Steal The Show,LAUV,92,46,62,-13,42,3:12,33,Pop,relaxed,https://lh3.googleusercontent.com/u/0/d/1enLNjdYR9gdThVVeGGLzMWE83oK2aPSq
106,Anti-Hero,Taylor Swift,97,65,63,-7,49,3:20,12,Pop,sad,https://lh3.googleusercontent.com/u/0/d/1KrFgUb9se05JTRVw1-v2yBEw9G_Ui7Lr
107,Hening,Chrisye,86,49,54,-7,20,4:28,73,Pop,relaxed,https://lh3.googleusercontent.com/u/0/d/1FeO7ngS17srxqHnl_-8OYsUnqBsk7r5n
108,drivers license,Olivia Rodrigo,144,43,56,-9,14,4:02,77,Rock,sad,https://lh3.googleusercontent.com/u/0/d/17akwyeO2L3u16ydHC7ZXTu7oBZSsu-Yx
109,Sayangnya,Juicy Luicy,140,35,57,-8,38,4:10,58,Pop Indo,sad,https://lh3.googleusercontent.com/u/0/d/1EaENzdYTzj-7zJFDoFdvpiSSZHvUcG9T
110,"What Was I Made For? [From The Motion Picture ""Barbie""]",Billie Eilish,79,8,39,-18,11,3:42,95,Pop Indie,sad,https://lh3.googleusercontent.com/u/0/d/1sdgcnEOd4vZwxXp4fTzVlJK5_O62zxAr
111,Pamer Bojo,Didi Kempot,140,61,62,-8,81,5:01,61,Dangdut,sad,https://lh3.googleusercontent.com/u/0/d/1Ght54hizggWfv-7GTD_ajAHvbUzKRipk
112,Can't Feel My Face,The Weeknd,108,77,71,-6,58,3:35,11,R&B,happy,https://lh3.googleusercontent.com/u/0/d/11ws3k825nnLaEYVMZvp0h38GBlwovlhZ
113,Paradise,Coldplay,140,59,45,-7,21,4:38,5,Rock,relaxed,https://lh3.googleusercontent.com/u/0/d/1CqJngFs60cXAuzkuuxcdmZFY4cL1k3kW
114,Sorai,Nadin Amizah,144,24,56,-12,16,4:38,95,Pop Indo,relaxed,https://lh3.googleusercontent.com/u/0/d/1va-DxE7Q-SzjjuNa4kUT2Z0Tv0uZKAiR
115,Bertaut,Nadin Amizah,119,13,47,-13,12,5:16,93,Pop Indo,relaxed,https://lh3.googleusercontent.com/u/0/d/1Faz6422mVrZ7cenXqR06hCtlzNXZfrY2
116,Maafkan Aku #terlanjurmencinta,Tiara Andini,137,42,49,-8,13,3:45,73,Pop,sad,https://lh3.googleusercontent.com/u/0/d/110PbDETR5poP9vqiXBW_0oWUdWHbhWeF
117,Penantian Berharga,Rizky Febian,125,56,74,-5,73,3:37,57,Pop,relaxed,https://lh3.googleusercontent.com/u/0/d/14mg_F5B_SZ5LKHh30WLxv447udeLXxoN
118,Penyangkalan,For Revenge,77,81,44,-5,52,4:00,0,Rock,angry,https://lh3.googleusercontent.com/u/0/d/1Y4y8mTybGQdIs6kTThk3ptFO4WEu4Fij
119,Gala bunga matahari,Sal Priadi,205,33,34,-10,57,3:29,93,Folk,sad,https://lh3.googleusercontent.com/u/0/d/1BjUyWuIpai58LB9grnVr26kQEbbreZUB
120,Sesi Potret,eńau,160,41,45,-9,33,4:03,15,Pop Indo,sad,https://lh3.googleusercontent.com/u/0/d/1PTh2NQViUsklXRdPAYAhyqPhH6Bt5XS_
121,Shirt,SZA,120,51,85,-8,57,3:01,23,R&B,relaxed,https://lh3.googleusercontent.com/u/0/d/15fmafmQVsEZVm5InrhHwBaJs63B05NDb
122,Kill Bill,SZA,89,73,64,-6,43,2:35,5,R&B,angry,https://lh3.googleusercontent.com/u/0/d/1ykZ0A-An7NBvYEywcymh7j_BYeJv4m-u
123,Hari Bersamanya,Sheila On 7,120,68,63,-5,79,3:53,31,Rock,relaxed,https://lh3.googleusercontent.com/u/0/d/11cD4_TlXu3KR_9fOl2eQpXgydbfToLEz
124,Menghapus Jejakmu,Peterpan,125,62,82,-11,94,3:03,52,Rock,sad,https://lh3.googleusercontent.com/u/0/d/1cCdjLa3oT4PTY-sNZxuRP7bkorD1yEKy
125,Sharpest Tool,Sabrina Carpenter,91,63,72,-8,59,3:38,48,Pop,sad,https://lh3.googleusercontent.com/u/0/d/1mAWyV0xZD5ZzvoBxDKkU5Cgkc_A1cxjo
126,Tough Love,Gracie Abrams,90,72,55,-4,66,2:49,37,Pop Indie,sad,https://lh3.googleusercontent.com/u/0/d/1zCSYbqmgyci_jnQg2wA9M4G6ypUGzvXF
127,Aku Ikhlas,Aftershine,132,63,64,-6,50,4:36,15,Pop Jawa,sad,https://lh3.googleusercontent.com/u/0/d/1aXUMxbRvtQhuAQ1qd5-otrqRHUBVAaeo
128,Anugerah Terindah Yang Pernah Kumiliki,Sheila On 7,144,40,55,-13,35,4:28,1,Rock,relaxed,https://lh3.googleusercontent.com/u/0/d/14BPaeXBPQWIJZjZgjwzQdbCkezNTKI6z
129,Monolog,Pamungkas,97,58,48,-9,30,3:26,11,Pop Indo,relaxed,https://lh3.googleusercontent.com/u/0/d/1PHCRdpQavUxwBiHykjevi91hI9SJWavk
130,Espresso,Sabrina Carpenter,104,76,70,-5,69,2:55,11,Pop,happy,https://lh3.googleusercontent.com/u/0/d/1cDzF0qiGFelaL2qlof0ukCkqLNYoLXP-
131,Serta Mulia,Sal Priadi,109,51,52,-6,37,3:09,34,Folk,relaxed,https://lh3.googleusercontent.com/u/0/d/1TSkzmXluW49r4HPTDNRK6UkNS_fqLaKc
132,Versace on the Floor,Bruno Mars,174,57,58,-6,30,4:21,20,R&B,relaxed,https://lh3.googleusercontent.com/u/0/d/1keQMFxvU4-RlzHygtHdt2rMFyRbbfEeD
133,Save Your Tears (with Ariana Grande) (Remix),The Weeknd,118,83,65,-5,59,3:11,2,R&B,angry,https://lh3.googleusercontent.com/u/0/d/1twA6oPptejVNze55E9fQEgrE5L5DY-uW
134,Dumes,OMWAWES,135,69,56,-9,60,4:27,4,Pop Jawa,sad,https://lh3.googleusercontent.com/u/0/d/1WD3VyxNf4AnSZa2w0jyK6n_L0JL7e_ym
135,Alum,Gildcoustic,127,28,30,-10,19,5:29,86,Pop Jawa,sad,https://lh3.googleusercontent.com/u/0/d/1O1iscyJ903PQrzkcv1u0QstY7KhcGBpE
136,Night Changes,One Direction,120,52,67,-8,37,3:46,86,Pop,relaxed,https://lh3.googleusercontent.com/u/0/d/1BDGFdFkdOFijB-8zwT9JZuxnlNqfv0wX
137,Hey Beautiful,Anjing Dub,138,79,80,-6,54,3:10,16,Reggae,relaxed,https://lh3.googleusercontent.com/u/0/d/1HdUeWo2qLmujN0lesrWmpqgoQ5PmVakw
138,Sacrifice,The Weeknd,122,80,74,-7,91,3:08,3,R&B,angry,https://lh3.googleusercontent.com/u/0/d/1UvOfRCP1Sd0uZP-kG9gRw5Ttg5d8Ei3H
139,Interaksi,Tulus,178,34,46,-8,75,2:53,78,Jazz,relaxed,https://lh3.googleusercontent.com/u/0/d/14Ds9TC582-aM9l-u01TsjLMp7sVVB3yN
140,Dunia Tipu-Tipu,Yura Yunita,112,33,48,-9,62,3:46,91,Pop,relaxed,https://lh3.googleusercontent.com/u/0/d/17vmhu22K5CMkY4hHVxO4QqczAl4L01e9
141,Amin Paling Serius,Sal Priadi,129,27,39,-10,19,5:06,93,Folk,relaxed,https://lh3.googleusercontent.com/u/0/d/1r5v5EhOi_oztNnpjGnr89X65GU7fzcdG
142,Love Yourself,Justin Bieber,100,38,61,-10,52,3:56,84,Pop,relaxed,https://lh3.googleusercontent.com/u/0/d/1tpx1sGjkjBA05odyDQUCnXF43ZD9r4T4
143,Who,LAUV,142,34,63,-8,10,3:00,56,Pop,sad,https://lh3.googleusercontent.com/u/0/d/1Rhtat6sD7nP-bSLuMd8z8VqKjyaWDsYT
144,Monokrom,Tulus,88,46,53,-9,52,3:38,57,Jazz,relaxed,https://lh3.googleusercontent.com/u/0/d/1AzKDDVPcO8UYpEWBY9VAdvZPtHtzAUqu
145,Locked out of Heaven,Bruno Mars,144,70,73,-4,87,3:54,5,R&B,happy,https://lh3.googleusercontent.com/u/0/d/1s9iYV8pRDrmHZidfC5f5ow4ODF-eeWTZ
146,Lintang Sewengi,Ndarboy Genk,132,79,58,-4,41,5:40,49,Pop Jawa,sad,https://lh3.googleusercontent.com/u/0/d/1mkZI29Yw979Cc6EVgU6Q0UEWSj7JLKUS
147,That’s So True,Gracie Abrams,109,81,55,-4,37,2:46,21,Pop Indie,happy,https://lh3.googleusercontent.com/u/0/d/1yc_6dl9gHZyRDwJnfHeY885HSgIGK_9X
148,Risalah Hati,Pamungkas,74,47,51,-10,32,5:01,74,Pop Indo,relaxed,https://lh3.googleusercontent.com/u/0/d/1Jp4QIaTBomLLC_cY7x7DGeRoVYXHmCdV
149,Korban Janji,Guyon Waton,125,55,72,-7,72,4:15,71,Pop Jawa,sad,https://lh3.googleusercontent.com/u/0/d/1z0Enli78tKWdYSgg2N8q4KB0A5B_O6ke
150,lovely (with Khalid),Billie Eilish,115,30,35,-10,12,3:20,93,Pop Indie,sad,https://lh3.googleusercontent.com/u/0/d/1lSOJZMU1ajTZUIdN1K526xGAermFt5Hv
151,Mantra Cinta,Rizky Febian,105,68,73,-8,69,3:45,4,Pop,happy,https://lh3.googleusercontent.com/u/0/d/1fdadJoHNKMTywJtQDJvIDQxa2X377RkB
152,HAHAHA,Juicy Luicy,173,23,39,-9,53,3:14,80,Pop Indo,relaxed,https://lh3.googleusercontent.com/u/0/d/1dB2C7MCx9f77-IHvzh5MtIm1iC2wORr8
153,Mess It Up,Gracie Abrams,133,58,77,-5,36,2:52,25,Pop Indie,angry,https://lh3.googleusercontent.com/u/0/d/1q-rzUXAHfSWwJ1kCAubeByFA0Z3d0tcQ
154,It Will Rain,Bruno Mars,150,84,58,-7,48,4:15,34,R&B,angry,https://lh3.googleusercontent.com/u/0/d/1me5ObddXZMX5rYCXbqM6Wa5hEN4OIzSn
155,drunk text,Henry Moodie,95,49,61,-5,18,3:11,7,Pop,sad,https://lh3.googleusercontent.com/u/0/d/1lBLl1G5_dJAM4PdnEXDCE4bbX1CyjfNZ
156,Tak Di Tanganku,Juicy Luicy,168,46,46,-8,59,3:55,44,Pop Indo,relaxed,https://lh3.googleusercontent.com/u/0/d/1r5uresf0jHDgD-G3V6-mUHzgu7fro5WU
157,obsessed,Olivia Rodrigo,120,58,68,-5,63,2:50,2,Rock,sad,https://lh3.googleusercontent.com/u/0/d/15Dp_vN0SeA9gd3jP0U95HVpHIOU52EN0
158,Mawar Jingga,Juicy Luicy,98,18,72,-12,38,3:31,60,Pop Indo,relaxed,https://lh3.googleusercontent.com/u/0/d/1aFDtBBlraOg065_NnHNMOL66FBdmRh37
159,Lantas,Juicy Luicy,86,31,59,-8,55,3:54,79,Pop Indo,relaxed,https://lh3.googleusercontent.com/u/0/d/1ewLKCbVpam3a6DufjyC_0utPzAagN-EP
160,LDR (Langgeng Dayaning Rasa),Denny Caknan,125,59,58,-6,26,3:46,59,Pop Jawa,relaxed,https://lh3.googleusercontent.com/u/0/d/1xZs4HgUIUECYVp1P8wnbi1yGOqjacubq
161,Seek & Destroy,SZA,152,65,65,-5,35,3:25,44,R&B,sad,https://lh3.googleusercontent.com/u/0/d/1UxjbKASxs19NN9dbTmkZUOMToL3ANyUP
162,"Bulan Bintang, Garis Menyilang",Wijaya 80,135,52,34,-6,10,5:32,39,Pop Indo,sad,https://lh3.googleusercontent.com/u/0/d/1qO6DxTZI5WRSzFtFfEe7l5q9JvZd9JXH
163,Bintang Di Surga,Noah,150,77,43,-8,29,5:01,2,Rock,sad,https://lh3.googleusercontent.com/u/0/d/1dZot7GwWcZknRdC7nurYvY4SnVny6G-5
164,Stasiun Balapan,Didi Kempot,137,63,64,-8,96,3:56,71,Dangdut,sad,https://lh3.googleusercontent.com/u/0/d/1nisXsfTA_VJNEehF2cUChhOBrk3Hp8MV
165,Starboy,The Weeknd,186,59,68,-7,49,3:50,14,R&B,relaxed,https://lh3.googleusercontent.com/u/0/d/1e1iSr7dkYQfmjZWVbqqUQAwvh1P1rgzz
166,Juno,Sabrina Carpenter,131,73,63,-4,64,3:43,5,Pop,happy,https://lh3.googleusercontent.com/u/0/d/1S0D4tm56LpDPvCXpYGWebaMkPnTzBiWO
167,Ambyar Mak Pyar,Ndarboy Genk,126,82,70,-6,84,4:42,11,Pop Jawa,angry,https://lh3.googleusercontent.com/u/0/d/1VdU68uGYPaJpfPJbhg8FFzKRQO0tQLOf
168,But Daddy I Love Him,Taylor Swift,80,72,52,-8,44,5:44,38,Pop,relaxed,https://lh3.googleusercontent.com/u/0/d/16CydEioWy7j3NXTI8hbRlkorIBD0DRHP
169,"Untungnya, Hidup Harus Tetap Berjalan",Bernadya,85,61,50,-9,30,3:02,61,Pop Indo,relaxed,https://lh3.googleusercontent.com/u/0/d/1X-X7a5tShoe98LCgVVGCCOVPPtS-NUPK
170,Disarankan di Bandung,Dongker,117,53,56,-9,65,2:32,1,Pop Indo,angry,https://lh3.googleusercontent.com/u/0/d/1gqnyXrx49RwcsMPdRH9KCDYt9k_vc5vz
171,Free Now,Gracie Abrams,150,39,56,-9,34,3:34,41,Pop Indie,sad,https://lh3.googleusercontent.com/u/0/d/1BtBM-7QiPk2_HZ7swBaKqfXmrPZ1TQ1x
172,Story of My Life,One Direction,121,66,60,-6,29,4:07,23,Pop,sad,https://lh3.googleusercontent.com/u/0/d/12ywkIP8odU4iHxMhtobFCnMUtbyICjDV
173,Gak Pernah Cukup,Denny Caknan,128,64,63,-6,38,5:09,16,Pop Jawa,sad,https://lh3.googleusercontent.com/u/0/d/1VMqxNqGVZV0gj1IQvlcqVCPO2D0li8Zd
174,Kangen,Dewa 19,134,78,62,-6,84,4:59,4,Rock,angry,https://lh3.googleusercontent.com/u/0/d/1wDYbfkdvE7HIlCaWJNZDCRvCEgGzUXa7
175,Ditinggal Rabi,NDX A.K.A.,141,76,71,-7,71,4:34,62,Pop Jawa,angry,https://lh3.googleusercontent.com/u/0/d/1te1QPG2KTGPQJ98nxdzvBog21s1DUKhm
176,STAY (with Justin Bieber),The Kid LAROI,170,76,59,-5,48,2:19,4,Hip-Hop,angry,https://lh3.googleusercontent.com/u/0/d/1sZORXEr_5onHz2_0sfV7V4NOopkAYXMn
177,Sampingan,Hopeplus,133,82,78,-4,75,3:52,32,Pop Jawa,angry,https://lh3.googleusercontent.com/u/0/d/1jYpgvRDrBFSoFzlJJMV3tveaVZL50HFE
178,Is It Over Now? (Taylor's Version) (From The Vault),Taylor Swift,100,65,60,-7,15,3:54,5,Pop,sad,https://lh3.googleusercontent.com/u/0/d/1cuM9BriwkvBSmzPdoFPvzXZq6y0RWxTI
179,Ghost,Justin Bieber,154,74,60,-6,44,2:33,19,Pop,angry,https://lh3.googleusercontent.com/u/0/d/1a1aato7jzpI3PXFtLYP1PLYGuzB0Ytgr
180,Bed Chem,Sabrina Carpenter,95,73,74,-6,68,2:51,7,Pop,happy,https://lh3.googleusercontent.com/u/0/d/13eEyxpfaz_PuAZ04PDhCsjRL3Mpxx8YG
181,Clocks,Coldplay,131,75,58,-7,26,5:08,60,Rock,relaxed,https://lh3.googleusercontent.com/u/0/d/1bIVr2x1ctHc-o0uktjeKaSz56YjAjf2P
182,Cruel Summer,Taylor Swift,170,70,55,-6,56,2:30,12,Pop,sad,https://lh3.googleusercontent.com/u/0/d/1Zi58-yVkvHdhIezCZt0vvY_WXoA0kw1P
183,Satu Bulan,Bernadya,86,30,44,-10,24,3:29,94,Pop Indo,sad,https://lh3.googleusercontent.com/u/0/d/1JgHhD7oKJRZCI8ypmtJ3FzbChhH_7fl6
184,Blind,SZA,114,28,46,-12,60,2:30,91,R&B,sad,https://lh3.googleusercontent.com/u/0/d/1yXOE5hIwxgBbtW1vK-RW0Cqg1MLOTyRz
185,ILYSB,LANY,100,62,64,-7,39,3:31,47,Pop Indie,relaxed,https://lh3.googleusercontent.com/u/0/d/17KbwdzJ5tC6SDrBH2vN79q4nBgCowByF
186,you!,LANY,94,64,50,-8,28,4:34,1,Pop Indie,relaxed,https://lh3.googleusercontent.com/u/0/d/106QtsPaMnkIs7iyh6vIbbZiCX15DKHWk
187,Bojoku Ketikung,NDX A.K.A.,160,87,56,-5,94,4:44,31,Pop Jawa,angry,https://lh3.googleusercontent.com/u/0/d/1ZkNFsKYhbgLhKJKQUtXAlwJHftm-NEOP
188,L,Halstage,153,36,65,-7,48,3:41,83,Pop Indo,sad,https://lh3.googleusercontent.com/u/0/d/1eidaVuYoaTBcUx6HhYdRuec0Qc2Mdq54
189,Film Favorit,Sheila On 7,180,80,53,-5,63,3:46,1,Rock,happy,https://lh3.googleusercontent.com/u/0/d/10vJkVWvoy-YPJaB4smgDUoztXmhSWw_v
190,Heartless,The Weeknd,170,75,54,-6,25,3:14,2,R&B,angry,https://lh3.googleusercontent.com/u/0/d/1p71KiHIKzHfUEHYe0gPIcvYfpO2JOJeY
191,Die With A Smile,Lady Gaga,158,59,52,-8,54,4:11,31,Pop,relaxed,https://lh3.googleusercontent.com/u/0/d/1iGhAlHhACstwNpu6pSnk4pv0Dv5xJ7lN
192,Talking to the Moon,Bruno Mars,146,59,50,-5,8,3:34,51,R&B,sad,https://lh3.googleusercontent.com/u/0/d/1Asl6y8N2qdSqVLWlJef9ahmBhCQLUXGn
193,Sewu Kuto,Didi Kempot,135,23,55,-18,56,4:17,67,Dangdut,sad,https://lh3.googleusercontent.com/u/0/d/1AnCAddUvGAawK3pDV-RBUyjf4n34He6H
194,when the party's over,Billie Eilish,83,11,37,-14,20,3:13,98,Pop Indie,sad,https://lh3.googleusercontent.com/u/0/d/1u_LtLZLCxmeBqGMkfsjVs3lqD6RHuJpI
195,I Like Me Better,LAUV,92,51,75,-8,42,3:17,53,Pop,relaxed,https://lh3.googleusercontent.com/u/0/d/1rik5uP7ivDlyb9QidytXjRR_MBd83CsI
196,I Love You 3000,Stephanie Poetri,90,38,65,-8,40,3:28,91,Pop,relaxed,https://lh3.googleusercontent.com/u/0/d/17w1eWp5qW_3oC7ZJOktzl4L-HiUfLESp
197,Sephia,Sheila On 7,186,53,40,-9,17,4:51,37,Rock,sad,https://lh3.googleusercontent.com/u/0/d/1U27rP1837rCQbK7iYp99DpUlCJTib1nG
198,Tattoos Together,LAUV,123,40,86,-7,61,3:06,1,Pop,relaxed,https://lh3.googleusercontent.com/u/0/d/1f0Qh1-pceehxjdDplgK30W_oX0Z1wVWJ
199,Diri,Tulus,96,29,58,-9,49,4:03,84,Jazz,relaxed,https://lh3.googleusercontent.com/u/0/d/1L8L0LpPUe3vYFhGD46gVUu894ehWOaLK
200,Apapun Yang Terjadi,Hindia,94,48,79,-8,69,3:49,4,Pop Indo,relaxed,https://lh3.googleusercontent.com/u/0/d/19h3bHAIWfWeyeDk5P2pVQjp7l_CELMqx
201,The Hills,The Weeknd,113,56,59,-7,14,4:02,7,R&B,sad,https://lh3.googleusercontent.com/u/0/d/1b5xsACWoeTcyE3tb9XcqZbSoqSBjtLOk
202,Blank Space,Taylor Swift,96,70,76,-5,57,3:57,10,Pop,happy,https://lh3.googleusercontent.com/u/0/d/1lf01qgH6epwOo2tfPcBY1j4NYiSf54Mw
203,Blank Space (Taylor's Version),Taylor Swift,96,72,73,-5,71,3:57,9,Pop,happy,https://lh3.googleusercontent.com/u/0/d/1xg_UCNFLIWobkSTm3AING8LsmmMfzE9m
204,Satru,Denny Caknan,130,73,60,-4,44,5:32,25,Pop Jawa,angry,https://lh3.googleusercontent.com/u/0/d/1740Am0BuU7JE76pKYEQW8Is2ww4OrCka
205,Jangan Cintai Aku Apa Adanya,Tulus,84,34,49,-10,38,3:42,91,Jazz,relaxed,https://lh3.googleusercontent.com/u/0/d/1fuOiRFu9LgGUTNDmyLUwBePC-l_Jdvah
206,Menyesal,Yovie Widianto,106,22,36,-12,21,3:20,92,Pop,sad,https://lh3.googleusercontent.com/u/0/d/1eQFW7K_jOo_sh8tO7-f-0mPgFlqnzY7r
207,Delicate,Taylor Swift,95,40,75,-10,5,3:52,22,Pop,relaxed,https://lh3.googleusercontent.com/u/0/d/1WQkuWjYxNSoy0dq3XxHtZS9ALLEkNRfv
208,Separuh Aku,Noah,150,75,55,-5,72,4:26,10,Rock,happy,https://lh3.googleusercontent.com/u/0/d/1wmNkb3jY0WT_Ud7NADXFjstkrUS6xkRS
209,willow,Taylor Swift,81,57,39,-9,53,3:34,83,Pop,relaxed,https://lh3.googleusercontent.com/u/0/d/1_vnrabVbSrEptRGGMdV40GVcWSaHmGSz
210,Tega,Tiara Andini,136,14,43,-10,20,4:35,87,Pop,sad,https://lh3.googleusercontent.com/u/0/d/1PFRMvMptNGHPjhUXcvIn3Ip8G28T_wLJ
211,Kepada Hati,Cakra Khan,136,44,33,-8,20,4:24,56,R&B,sad,https://lh3.googleusercontent.com/u/0/d/19EfA_cpJc-S12fElPbzK_dkxi1dnQl2d
212,Tampar,Juicy Luicy,170,38,46,-9,43,3:22,65,Pop Indo,sad,https://lh3.googleusercontent.com/u/0/d/1CGJdfNoi1SYaMvV1MI4mNIo15Yjjah3M
213,Taste,Sabrina Carpenter,113,91,67,-4,72,2:37,10,Pop,angry,https://lh3.googleusercontent.com/u/0/d/1MOGYuxxBAYs1TcvL1mAvf5dTA-rYzUPz
214,logical,Olivia Rodrigo,81,24,48,-8,15,3:51,84,Rock,sad,https://lh3.googleusercontent.com/u/0/d/1WXeptALyTzIN081nvskjtlihIfpB4XNr
215,penjaga hati,Nadhif Basalamah,156,36,51,-9,33,4:20,88,R&B,relaxed,https://lh3.googleusercontent.com/u/0/d/17bcbS4XBVf_S6Xsvxu5Uk088kXTjnLRt
216,Cinnamon Girl,Lana Del Rey,92,34,29,-11,14,5:00,81,Pop Indie,relaxed,https://lh3.googleusercontent.com/u/0/d/1AKEuewr3IBB_-GpMSxbhrQNv3GEofkaS
217,I Love You but I'm Letting Go,Pamungkas,79,32,34,-9,13,3:40,97,Pop Indo,sad,https://lh3.googleusercontent.com/u/0/d/1A0JgVv18CvRc-hSP2TBciL63lguSx1BS
218,24K Magic,Bruno Mars,107,80,82,-4,63,3:46,3,R&B,happy,https://lh3.googleusercontent.com/u/0/d/17dAVpj6rdDur65If29z_x0odrjeZ2zBk
219,Seneng,Happy Asmara,130,67,75,-8,52,5:27,37,Pop Jawa,relaxed,https://lh3.googleusercontent.com/u/0/d/1f5bx2EaoSXd0L4-41cc0JtwGLb-s-CNs
220,idontwannabeyouanymore,Billie Eilish,170,41,48,-8,25,3:24,74,Pop Indie,sad,https://lh3.googleusercontent.com/u/0/d/1_vEmiVpQg9Y3u6fyqvdiMSGEB2lv3qHp
221,Lama-Lama,Bernadya,68,54,31,-9,18,3:04,82,Pop Indo,sad,https://lh3.googleusercontent.com/u/0/d/1Fr57rFEhYcspUfvBG1YHMhAW4yF0dWCQ
222,us. (feat. Taylor Swift),Gracie Abrams,102,55,53,-6,39,4:02,50,Pop Indie,sad,https://lh3.googleusercontent.com/u/0/d/1EXmMAlqOWWbH0mQaGla9XiGV18ncfTtN
223,Besok kita pergi makan,Sal Priadi,105,27,63,-11,31,3:31,81,Folk,relaxed,https://lh3.googleusercontent.com/u/0/d/1r0JZxNgFkM04MuSqgifvANguJfdVDR3D
224,Roman Picisan,Dewa 19,160,79,54,-6,61,4:05,1,Rock,angry,https://lh3.googleusercontent.com/u/0/d/1vz0z6uA6xfCnwL6-HPL_-N8uRe4gia_Z
225,Yang Terdalam,Noah,138,49,62,-9,55,3:17,14,Rock,sad,https://lh3.googleusercontent.com/u/0/d/1yhenf4MyHRyVvu7uzti1YsPJ3Cv3LRQh
226,Amelie,Gracie Abrams,122,25,51,-12,36,4:16,89,Pop Indie,relaxed,https://lh3.googleusercontent.com/u/0/d/1FkCfRn3zmGpbmkD4JfyPJiPBaCr0meRq
227,bad idea right?,Olivia Rodrigo,130,88,63,-4,81,3:04,0,Rock,angry,https://lh3.googleusercontent.com/u/0/d/1ZukFdVn_9pRhBnuHpK8AEfggc2U77v82
228,Guilty as Sin?,Taylor Swift,95,43,63,-8,49,4:14,61,Pop,sad,https://lh3.googleusercontent.com/u/0/d/1i6TgrDJ7a744CmOIaOpqnoT0wq-hUYHb
229,Down Bad,Taylor Swift,160,37,54,-10,17,4:25,56,Pop,sad,https://lh3.googleusercontent.com/u/0/d/1DCJklB06FrmDfw7FlxR0_f732Y5wdaJN/
230,Cuek,Rizky Febian,85,69,51,-8,44,4:20,43,Pop,sad,https://lh3.googleusercontent.com/u/0/d/118KvT6Qo5EmBXC8SFQaVTFwZ2_XmAUHH
231,Banyu Langit,Didi Kempot,141,71,53,-7,70,4:58,59,Dangdut,sad,https://lh3.googleusercontent.com/u/0/d/1tcwsxW6ChqPYNhWSlAmBSYVnkvOudPTF
232,Jalan Pulang,Yura Yunita,158,23,52,-11,37,3:37,96,Pop,relaxed,https://lh3.googleusercontent.com/u/0/d/1fZUBkxyZpr7d179X0HHMzMcl3wsIkK8O
233,Die For You (with Ariana Grande) - Remix,The Weeknd,67,52,56,-7,49,3:52,27,R&B,sad,https://lh3.googleusercontent.com/u/0/d/16jcKUOuwf4645DPGbjEMUpl-1Fz5UKT0
234,SKINNY,Billie Eilish,70,25,25,-14,4,3:39,69,Pop Indie,sad,https://lh3.googleusercontent.com/u/0/d/1O-OK1Q8s4hFdvuuJ9kPxnsU0z8d_1-s8
235,making the bed,Olivia Rodrigo ,133,41,55,-8,25,3:19,39,Rock,sad,https://lh3.googleusercontent.com/u/0/d/1KUiE9Iy8x8aBLug-1i3jNa_hCP9By9_U
236,LUNCH,Billie Eilish,125,40,89,-8,95,2:59,5,Pop Indie,relaxed,https://lh3.googleusercontent.com/u/0/d/1DgWacnDP7BAHNMNZEMDMUtBbcyG8O35u
237,Wong Sepele,Ndarboy Genk,120,80,65,-4,51,5:23,65,Pop Jawa,angry,https://lh3.googleusercontent.com/u/0/d/1ZN9wNosHccGWnHhb6WQzZclp597csW1T
238,Raiso Dadi Siji,OMWAWES,125,49,69,-12,60,4:21,38,Pop Jawa,sad,https://lh3.googleusercontent.com/u/0/d/1toMrYH4npA95_JpA2GavGOo5qc89Y9bk
239,Rasah Bali,Lavora,125,52,61,-10,52,4:50,74,Pop Jawa,sad,https://lh3.googleusercontent.com/u/0/d/18vY0JJn_vkp1Bt6P_kpf9UqOGKywti80
240,Nresnani,Lavora,123,57,56,-8,57,4:21,66,Pop Jawa,relaxed,https://lh3.googleusercontent.com/u/0/d/12_EBW-_14XnSIaPYHa06kY3zupNnTrPr
241,Setengah Tahun Ini,Hindia,88,70,55,-7,49,4:20,22,Pop Indo,relaxed,https://lh3.googleusercontent.com/u/0/d/1MD1quLMqhI4q8YManDdkdYd_IdA72v4p
242,sebuah tarian yang tak kunjung selesai,Nadin Amizah,135,20,58,-12,17,5:29,94,Pop Indo,sad,https://lh3.googleusercontent.com/u/0/d/1zcYF4G6O-XoMOfvHgN_dyGQ9WY7p3TEb
243,Sugeng Dalu,Denny Caknan,130,73,63,-5,69,5:18,32,Pop Jawa,happy,https://lh3.googleusercontent.com/u/0/d/1nYBE3gf7KkzhJVe4g3rnaY8gHb7EUwbN
244,Feelings,LAUV,103,39,70,-9,24,3:09,6,Pop,relaxed,https://lh3.googleusercontent.com/u/0/d/1LzsILsKwB6srfbyXx0OUUaq6k7R2xREd
245,Secukupnya,Hindia,102,80,73,-5,93,3:25,19,Pop Indo,angry,https://lh3.googleusercontent.com/u/0/d/1mzlELH0Tx7dyuL8RyeMy1WOT7yzG7tUL
246,Alonica,LANY,128,40,60,-10,34,3:57,68,Pop Indie,relaxed,https://lh3.googleusercontent.com/u/0/d/1xcW6qx9Zcv8WNqcrRxsu6CCTt3rpbgjX
247,Modern Loneliness,LAUV,82,51,70,-7,15,4:12,14,Pop,sad,https://lh3.googleusercontent.com/u/0/d/1fMZBQJAEA03TCIkCNl0k7b1qNML_Q_Dm
248,"Berdansalah, Karir Ini Tak Ada Artinya",Hindia,125,82,67,-6,76,3:44,0,Pop Indo,angry,https://lh3.googleusercontent.com/u/0/d/1oyneDUHVzTMsyeLPwIFMI0JA7oS2IJ9O
249,Tarot,.Feast,115,75,58,-5,47,3:57,2,Pop Indo,happy,https://lh3.googleusercontent.com/u/0/d/1_mdpt4nXBOXgynFncb0bqbYnH9GUWti5
250,Ginio,Happy Asmara,141,61,41,-7,39,5:34,41,Pop Jawa,sad,https://lh3.googleusercontent.com/u/0/d/1T_iZx6FXtTcIcvfp-TcX09fn7RPUJAr1
251,get him back!,Olivia Rodrigo,162,85,55,-6,73,3:31,1,Rock,angry,https://lh3.googleusercontent.com/u/0/d/1LpBwZCZ4V4NZPuKXyWdOrQhtXy6XNK8q
252,Love U Like That,LAUV,95,67,71,-4,24,3:32,9,Pop,happy,https://lh3.googleusercontent.com/u/0/d/1vDSQw9l1jpApWA-x0Hd7VnotsOAy0Lv4
253,skinny dipping,Sabrina Carpenter,122,54,45,-9,43,2:58,26,Pop,relaxed,https://lh3.googleusercontent.com/u/0/d/1cKDhQ_4-Ku8vlijU0pDMu6--KP7PZ-Yf
254,Merasa Indah,Tiara Andini,123,42,39,-11,35,3:31,77,Pop,relaxed,https://lh3.googleusercontent.com/u/0/d/1pYJkFh7-v_W0pgEWIANEievv-9UFyRj2
255,Doin' Time,Lana Del Rey,145,56,64,-11,52,3:19,40,Pop Indie,relaxed,https://lh3.googleusercontent.com/u/0/d/17TEtWwZ7xdNHrv7TtUWp_-g5iJBtxt7e
256,Uptown Funk (feat. Bruno Mars),Mark Ronson,115,61,86,-7,93,4:30,1,R&B,happy,https://lh3.googleusercontent.com/u/0/d/1DSkLidkTULOZUBNFx-hVeQN7gB3K7elG
257,Slim Pickins,Sabrina Carpenter,100,54,62,-9,31,2:31,29,Pop,sad,https://lh3.googleusercontent.com/u/0/d/1EqkFEnolEcx1lp8zx-m9G1CXrwl48JNu
258,I know it won't work,Gracie Abrams,120,58,65,-9,47,4:01,54,Pop Indie,sad,https://lh3.googleusercontent.com/u/0/d/1xswiEWs_qjUPzuO89fW76mH3FSB6-UsC
259,Steal My Girl,One Direction,77,77,54,-6,55,4:16,0,Pop,happy,https://lh3.googleusercontent.com/u/0/d/1-BC7w5NWFVx481wICrdsRt5ncd7JSB92
260,Terminal Giwangan,NDX A.K.A.,137,76,71,-7,87,3:25,32,Pop Jawa,sad,https://lh3.googleusercontent.com/u/0/d/1OFN95cmBPI211pq1unqmMI1bZXeB2M65
261,Sadar Posisi,Royal Music,127,53,43,-9,34,4:16,50,Pop Jawa,sad,https://lh3.googleusercontent.com/u/0/d/1ERioIpXZVM4_Xiw1EvBEO_GPmVlMmZwp
262,Mean It,LAUV,96,45,75,-9,33,3:52,4,Pop,relaxed,https://lh3.googleusercontent.com/u/0/d/1y3gvHlwuWSuKH3gLtBWbbr2P355x89xz
263,Shape of My Heart,Backstreet Boys,96,79,57,-4,52,3:48,25,Pop,happy,https://lh3.googleusercontent.com/u/0/d/11G8Di9TvK5Lz7p6-9Zo_cj-EPJqeyTgV
264,Grenade,Bruno Mars,110,56,70,-7,25,3:45,15,R&B,sad,https://lh3.googleusercontent.com/u/0/d/1uvC2gvJLivlJsw3XOLSsbr5qbKxytjFL
265,Risk It All,Bruno Mars,172,35,40,-10,27,3:30,50,R&B,relaxed,https://lh3.googleusercontent.com/u/0/d/1AT5yuyusAP4KJ50TIVp8k8UszzibHoNv
266,Snooze,SZA,143,55,56,-7,39,3:23,14,R&B,relaxed,https://lh3.googleusercontent.com/u/0/d/1HiL32DJFlaWIelS-CBGGgCQcu_ikvTv-
267,Pasukan Anti Prei,NDX A.K.A.,142,68,73,-8,72,4:30,61,Pop Jawa,relaxed,https://lh3.googleusercontent.com/u/0/d/1bckKt-hIHywySBUVqbf2KWmHXCSayqey
268,Buru-Buru,Mahalini,92,60,66,-6,71,3:42,78,Pop,sad,https://lh3.googleusercontent.com/u/0/d/1uqb43dcVLWLVMOi_dTkxsEmgXI2t2ost
269,Company,Justin Bieber,95,80,56,-5,42,3:28,13,Pop,happy,https://lh3.googleusercontent.com/u/0/d/1oDlfmk7JlMhEtTpEVxm4ohujhFses5ZN
270,Cidro,Didi Kempot,138,69,60,-8,81,5:17,51,Dangdut,sad,https://lh3.googleusercontent.com/u/0/d/1nuvkEtCNlgOwGD5MYNR8Jo8llpGil1gt
271,Pesan Terakhir,Lyodra,120,36,52,-9,14,4:21,43,Pop,sad,https://lh3.googleusercontent.com/u/0/d/1P1a4wlFXm1BPAnos8B50Qxvnjbv3RvEP
272,Pelanggaran,Guyon Waton,130,56,61,-8,41,4:57,49,Pop Jawa,sad,https://lh3.googleusercontent.com/u/0/d/1hUe3HCw7XGKfP3GybXeZKzPqLz4Lcub2
273,Paris in the Rain,LAUV,80,41,41,-9,53,3:25,77,Pop,relaxed,https://lh3.googleusercontent.com/u/0/d/1wLp52SS6rvJP5BE5sw2-yqXDli9ij8DG
274,ex i never had,LANY,96,39,65,-7,63,3:21,31,Pop Indie,sad,https://lh3.googleusercontent.com/u/0/d/1E_dw8vxWCXIGNR-JZnTdpV4MviCUH0h9
275,Buruh Cod,Aftershine,140,73,67,-6,60,4:16,13,Pop Jawa,sad,https://lh3.googleusercontent.com/u/0/d/1U3M_pw-0NkJHevdaVaOCixusDvrOcS31
276,Pejantan Tangguh,Sheila On 7,99,83,61,-6,90,3:27,8,Rock,happy,https://lh3.googleusercontent.com/u/0/d/1f-SnYD926l50W3FZHYHYlzkP7YWwQDo4
277,Paman Tua,Nadin Amizah,115,38,44,-10,11,3:17,72,Pop Indo,relaxed,https://lh3.googleusercontent.com/u/0/d/1qVxE5orq9UV6RikL3tFEQ2wAkWrxHsAp
278,Close To You,Gracie Abrams,122,73,59,-8,36,3:46,3,Pop Indie,happy,https://lh3.googleusercontent.com/u/0/d/1HVEwFjTBn9mxeTDa_YmtopWPc2FF9L3o
279,Risk,Gracie Abrams,113,50,72,-6,56,3:11,51,Pop Indie,sad,https://lh3.googleusercontent.com/u/0/d/1JxTPysibbBfhJ7T8FKDiCxjZOc0E5A-T
280,love is embarrassing,Olivia Rodrigo,160,82,52,-4,62,2:34,0,Rock,angry,https://lh3.googleusercontent.com/u/0/d/1xiPgTeLFoXdOfp6DVzxo0qD0xQZIjR_r
281,My Love Mine All Mine,Mitski,114,31,50,-15,12,2:18,87,Pop Indie,relaxed,https://lh3.googleusercontent.com/u/0/d/15H2VZJGqp5s9_CA31JzDdo7het1ONZm4
282,Sepatu,Tulus,115,45,60,-8,35,3:43,69,Jazz,relaxed,https://lh3.googleusercontent.com/u/0/d/15yzj_XifCx-fcZrTF5LropIUSgU_tv6V
283,Cause You Have To,LANY,161,50,45,-8,40,4:10,56,Pop Indie,sad,https://lh3.googleusercontent.com/u/0/d/1D8IQmipiF1ESf4P2e1Ms-GFhjNfNF-si
284,Take A Chance With Me,NIKI,94,42,63,-12,52,5:03,84,R&B,relaxed,https://lh3.googleusercontent.com/u/0/d/17G9xxpOOHdZ3P6PB8xPmUnNPXZJBTxKJ
285,Tutur Batin,Yura Yunita,73,33,58,-9,40,3:41,81,Pop,relaxed,https://lh3.googleusercontent.com/u/0/d/1m6Pk_kbduZzfU23UipdDhvtUEMcNqGgd
286,Rayuan Perempuan Gila,Nadin Amizah,105,41,40,-9,21,5:19,87,Pop Indo,sad,https://lh3.googleusercontent.com/u/0/d/1N2wRtSMWR4xfCiGop5msshXe8ZZLpY2C
287,Satru 2,Denny Caknan,118,55,42,-6,25,6:23,66,Pop Jawa,sad,https://lh3.googleusercontent.com/u/0/d/1Ja5yi88LUvzbOdo2eQJ2PKMEQFceQJCg
288,Bawa Dia Kembali,Mahalini,136,55,54,-6,38,3:44,73,Pop,sad,https://lh3.googleusercontent.com/u/0/d/1eUqbr-qYwOcbqBZPXOPPUn7KdKmNY8BN
289,Jiwa Yang Bersedih,Ghea Indrawari,97,39,36,-8,45,4:37,81,Pop,sad,https://lh3.googleusercontent.com/u/0/d/1LtHv7YJYDsxqw9-bn8TQ5vW95BzWwk6T
290,traitor,Olivia Rodrigo,101,34,38,-8,8,3:49,69,Rock,sad,https://lh3.googleusercontent.com/u/0/d/1qZwF7IWJQsvoajv_gU9fHkxaExYef77-
291,happier,Olivia Rodrigo,169,44,40,-10,34,2:56,77,Rock,sad,https://lh3.googleusercontent.com/u/0/d/1uOTzTzWnlbPS8gRnc3lU7P-VXVdOMRCn
292,The Man Who Can't Be Moved,The Script,100,63,61,-5,31,4:02,44,Rock,sad,https://lh3.googleusercontent.com/u/0/d/1BnM1F1UcACT3vUt5mlxUU7aKX9A8XIpz
293,All Too Well (Taylor's Version),Taylor Swift,186,53,44,-8,13,5:30,2,Pop,sad,https://lh3.googleusercontent.com/u/0/d/1gWlj-vnF1H9MtYAuZukmttY22qgNCk6p
294,Putar Waktu,Mahalini,67,36,40,-7,31,4:10,90,Pop,sad,https://lh3.googleusercontent.com/u/0/d/1tfgwPSGpKMrkrHSFz9ODEZeRiyeLkf4-
295,Melawan Restu,Mahalini,120,35,63,-8,27,3:40,81,Pop,sad,https://lh3.googleusercontent.com/u/0/d/1fG5oj9_bcPH1IVYVHBvXsa72EECcMsZd
296,Kalau Bosan,Lyodra,136,43,45,-7,27,3:29,58,Pop,sad,https://lh3.googleusercontent.com/u/0/d/15Wx5WqhcgTq2K37WmE2QOuscXINpg-y6
297,Sabda Rindu,Lyodra,150,64,59,-5,62,3:35,31,Pop,sad,https://lh3.googleusercontent.com/u/0/d/1zxyXoQ9e2FuNd2syVkDiHOSs5m4pTHBJ
298,Ada,Lyodra,158,53,45,-6,17,3:31,80,Pop,relaxed,https://lh3.googleusercontent.com/u/0/d/1rfM2mF2GJdnWCJ-R0-ICvG7jgbJLeyhP
299,Feather,Sabrina Carpenter,124,69,79,-4,83,3:05,7,Pop,happy,https://lh3.googleusercontent.com/u/0/d/14p7-8Ac2I2W4sQhjh7MMZ1kS75mV0eJG
300,pink skies,LANY,104,63,72,-7,47,3:07,27,Pop Indie,relaxed,https://lh3.googleusercontent.com/u/0/d/1_0NQdbjnpiA_CQSpm7vxT7I1WjaPMrlg
301,Difficult,Gracie Abrams,146,61,60,-9,42,4:16,41,Pop Indie,sad,https://lh3.googleusercontent.com/u/0/d/1JPbv7_KIbikoFSQokphOVpZLN_O_SlKP
302,Ini Laguku,Mahalini,132,40,38,-7,22,3:37,71,Pop,relaxed,https://lh3.googleusercontent.com/u/0/d/1AKbFszqUUYPVAf1kpmDmoa5N7GoEWb6m
303,Ini Abadi,Perunggu,194,29,16,-12,34,3:52,87,Rock,relaxed,https://lh3.googleusercontent.com/u/0/d/1u_RoQAERp6KBZAq9yufEaEpOy9MjSx21
304,The Lazy Song,Bruno Mars,175,71,79,-5,96,3:09,30,R&B,happy,https://lh3.googleusercontent.com/u/0/d/1edxi1xbVVIqZJASvuKEADC-Nj8UcKfkz
305,Blinding Lights,The Weeknd,171,73,51,-6,33,3:23,0,R&B,happy,https://lh3.googleusercontent.com/u/0/d/1VbP1rZbGqefZDtiSCRsrDqS1VC3FAGUB
306,Shape of You,Ed Sheeran,96,65,83,-3,93,3:53,58,Pop,happy,https://lh3.googleusercontent.com/u/0/d/1-qRWd53ua32lDU8Ky22triQX6XD4512K
307,What Do You Mean?,Justin Bieber,125,57,85,-8,79,3:25,59,Pop,sad,https://lh3.googleusercontent.com/u/0/d/1NWp64DE0h5XY3aXcMqWYvmkZgO6J_94X
308,"jealousy, jealousy",Olivia Rodrigo,164,57,70,-6,70,2:53,20,Rock,sad,https://lh3.googleusercontent.com/u/0/d/1wkAz9013_wkSmserD6K3WoePABgoij4L
309,Kita,Sheila On 7,123,62,69,-12,84,4:37,15,Rock,relaxed,https://lh3.googleusercontent.com/u/0/d/1hfwIqivzSfFiMsbUPePWeKfIJvqENrtG
310,Berapa Kali Kita Akan Saling Memaafkan,Pamungkas,94,61,61,-9,40,4:44,51,Pop Indo,sad,https://lh3.googleusercontent.com/u/0/d/162D7f_0iG4sJ7DBy_zADU57WsQHn8H49
311,Harus Bahagia,Yura Yunita,116,73,85,-5,96,2:53,47,Pop,happy,https://lh3.googleusercontent.com/u/0/d/1Pt1ByoImlTnOrxrCGH5VevOg9IwCsQNr
312,Marry You,Bruno Mars,145,82,62,-5,45,3:47,33,R&B,happy,https://lh3.googleusercontent.com/u/0/d/1cOBwfEOuLmKRjER5yzPQf4-VVSX_rLsK
313,Nothing's Gonna Change My Love for You,George Benson,137,61,55,-5,35,4:03,76,Jazz,relaxed,https://lh3.googleusercontent.com/u/0/d/1mwe7C-E3LMb0jlJhzdnwRAoro5K0c0Qo
314,Tak Ikhlasno,Happy Asmara,130,60,62,-5,61,4:31,52,Pop Jawa,sad,https://lh3.googleusercontent.com/u/0/d/1BBgWQI9a5JIY3A5Sbn4KKlZ0aWSUxlgH
315,Drag Me Down,One Direction,138,70,73,-6,60,3:13,11,Pop,happy,https://lh3.googleusercontent.com/u/0/d/1b0RS4UvyTOoIhRYDDF7qlquYgxXg8Hfj
316,My Universe,Coldplay,105,70,59,-6,44,3:48,1,Rock,happy,https://lh3.googleusercontent.com/u/0/d/1_2StW5Hbn_r_ESfp8vXE0ZDbF8IS6krm
317,Born To Die,Lana Del Rey,86,63,43,-7,38,4:44,22,Pop Indie,sad,https://lh3.googleusercontent.com/u/0/d/1dMLzdBNMUmynqY80K6wtouH6FScaQzBO
318,Lungaku,Guyon Waton,130,56,65,-7,45,5:49,14,Pop Jawa,sad,https://lh3.googleusercontent.com/u/0/d/1WBvgts0xTbuVItWeuDGkLqj9LB2R9o6n
319,Enchanted,Taylor Swift,82,62,54,-4,23,5:53,7,Pop,relaxed,https://lh3.googleusercontent.com/u/0/d/1lNKDiQpIpYyNY_EXdOHTDGID-MDUVcUH
320,The One That Got Away,Katy Perry,134,79,69,-4,86,3:50,0,Pop,angry,https://lh3.googleusercontent.com/u/0/d/1aqyzCACPKaYYDPZHcJeCMPt4AZEiJLmv
321,Saturn,SZA,178,62,41,-7,34,3:07,62,R&B,relaxed,https://lh3.googleusercontent.com/u/0/d/1AX87wHmRXCs_g2ctfZc7z6EiKlWOKGZy
322,Call Out My Name,The Weeknd,134,59,46,-5,17,3:48,17,R&B,sad,https://lh3.googleusercontent.com/u/0/d/1FXrchZKgV39ttXOrUm0d6_Q9kI11FiKW
323,"One Of The Girls (with JENNIE, Lily Rose Depp)",The Weeknd,85,64,26,-6,19,4:04,4,R&B,relaxed,https://lh3.googleusercontent.com/u/0/d/1aLvZfBzX0xbRPVwIYgdbsI2iFtpdz1H5
324,Rabun Jauh,Bernadya,80,28,62,-9,29,2:55,92,Pop Indo,sad,https://lh3.googleusercontent.com/u/0/d/1m0p2qa6cPXvIuQh_umSvBfsHtEvU33Bo
325,Berawal Dari Tatap,Yura Yunita,92,23,33,-10,35,4:21,96,Pop,relaxed,https://lh3.googleusercontent.com/u/0/d/1fIx51rYbxdiR2gf0qfrVCOZlnljXYr2q
326,I Feel It Coming,The Weeknd,93,82,77,-6,59,4:29,43,R&B,happy,https://lh3.googleusercontent.com/u/0/d/1JsjCSH0rrwY3g8qoNYWaWt6ExSkvQCAp
327,Something Just Like This,The Chainsmokers,103,65,61,-7,51,4:07,3,Electronic,relaxed,https://lh3.googleusercontent.com/u/0/d/1G-wnHfZIRl4cYuqaurAawccKWZZLZyFQ
328,Rindu Sendiri (Dilan 1990),Iqbaal Ramadhan,128,34,55,-9,12,3:47,86,Pop Indo,relaxed,https://lh3.googleusercontent.com/u/0/d/1hnmSDVpPW-z0YusGqPOoEynTUnCnEEm3
329,Bandung,Yura Yunita,115,77,81,-4,72,4:01,46,Pop,happy,https://lh3.googleusercontent.com/u/0/d/1PhvK5IMDcJ7O8DyZa3Q_FIhY2agG9UOn
330,Widodari,Denny Caknan,130,79,58,-2,46,4:56,35,Pop Jawa,happy,https://lh3.googleusercontent.com/u/0/d/1RPr1xNaK8-ejHA2KOtqA-4CR58RA2YKb
331,Close to You,Reality Club,94,52,62,-8,61,4:08,38,Pop Indo,sad,https://lh3.googleusercontent.com/u/0/d/1xnWA_c1VfkiFY41aqzweuruKyfuIHwmX
332,Hymn for the Weekend,Coldplay,90,69,49,-6,41,4:18,21,Rock,relaxed,https://lh3.googleusercontent.com/u/0/d/1UrHjWRKAvZud9bZvzL6RrWdhtQOKWD0S
333,Viva La Vida,Coldplay,138,62,49,-7,42,4:02,10,Rock,sad,https://lh3.googleusercontent.com/u/0/d/1t27StPjcdGqJSdVr7EmOr0ViR3xzqZpp
334,Los Dol,Denny Caknan,135,83,64,-4,74,4:51,17,Pop Jawa,angry,https://lh3.googleusercontent.com/u/0/d/1VbmPCs6NwKl1V1r1Hw6t4jI_M6WBisqn
335,Yellow,Coldplay,173,66,43,-7,28,4:27,0,Rock,relaxed,https://lh3.googleusercontent.com/u/0/d/14Ecv6a85yS8VbJsVaizc_I8Pund7Mx7b
336,Labirin,Tulus,96,49,70,-7,67,3:22,78,Jazz,relaxed,https://lh3.googleusercontent.com/u/0/d/1-JgKeikq0RKSOE7g5RgacY3MJI3U2O8c
337,Sadrah,For Revenge,145,74,42,-3,34,4:07,1,Rock,angry,https://lh3.googleusercontent.com/u/0/d/14Rq2X6JyozkaGY1oza-SNTV54SDu9t_z
338,Sparks,Coldplay,103,27,37,-11,17,3:45,75,Rock,relaxed,https://lh3.googleusercontent.com/u/0/d/1mbenTjyd-MDc--zhCOGGBVs8T_ByRF5-
339,"Yang Patah Tumbuh, Yang Hilang Berganti",Banda Neira,96,36,34,-10,10,6:31,94,Pop Indo,relaxed,https://lh3.googleusercontent.com/u/0/d/1hR50tMq4HiuLBqaVG5DdAKGSkWtOmPKQ
340,Sampai Jadi Debu (Menampilkan Gardika Gigih),Banda Neira,95,11,42,-18,13,6:43,99,Pop Indo,relaxed,https://lh3.googleusercontent.com/u/0/d/17tN3Wk9WbXsNkq9tvNJsUzTmp8m36eEg
341,Semua Aku Dirayakan,Nadin Amizah,80,32,32,-10,21,5:11,96,Pop Indo,relaxed,https://lh3.googleusercontent.com/u/0/d/1upnV84zU-DHFgu3EQwxcxWIA-X9J5oSH
342,Peradaban,.Feast,97,84,57,-6,64,5:39,3,Pop Indo,angry,https://lh3.googleusercontent.com/u/0/d/12GyFyRVSieEighmmXt41ZDxvHDBNnypw
343,Masa Sepi,Bernadya,82,45,32,-9,20,3:03,82,Pop Indo,sad,https://lh3.googleusercontent.com/u/0/d/1lvENRDO-6ZisDwMw3xU2JWYiZPD741YP
344,Dari planet lain,Sal Priadi,166,49,41,-8,32,3:30,84,Folk,relaxed,https://lh3.googleusercontent.com/u/0/d/1Q4hGXAm5TwFsDdjMnkh5ltytP0RfSNIH
345,I'd like to watch you sleeping,Sal Priadi,178,40,15,-10,5,5:09,68,Folk,relaxed,https://lh3.googleusercontent.com/u/0/d/11QJhJ8T_YlO4eSw8irA2GwMTBUiAITKe
346,pretty isn’t pretty,Olivia Rodrigo,124,85,56,-4,57,3:19,0,Rock,angry,https://lh3.googleusercontent.com/u/0/d/1wTRxhBoZ3BqZqy-6dwC5n4kOH2ykg8LA
347,the cure,Olivia Rodrigo,144,43,54,-6,15,4:57,67,Rock,sad,https://lh3.googleusercontent.com/u/0/d/1IMNHVwTGWFm_LWsz1_JGOldwUMMUs_tw
348,CHIHIRO,Billie Eilish,110,43,70,-13,52,5:03,14,Pop Indie,sad,https://lh3.googleusercontent.com/u/0/d/1lziYtuvm7cWMHualpl965Wdmup-55x84
349,ocean eyes,Billie Eilish,145,36,51,-8,17,3:04,82,Pop Indie,sad,https://lh3.googleusercontent.com/u/0/d/1JFvjaZugdXTptzRkg6pOqQ_3r-I9OVwe
350,Dandelions,Ruth B.,117,69,61,-3,45,3:55,2,Pop,happy,https://lh3.googleusercontent.com/u/0/d/1Zru9g2nyas3tLrQsh-PdU34uu4B3D1st
351,brutal,Olivia Rodrigo,124,53,67,-6,28,2:24,3,Rock,sad,https://lh3.googleusercontent.com/u/0/d/1xMZ_um8h9Lflqk_8rY1QBIdpWaI_hH0Q
352,all-american bitch,Olivia Rodrigo,156,70,42,-4,45,2:45,22,Rock,sad,https://lh3.googleusercontent.com/u/0/d/1UpvMrJQgmsE_HMu5_O1pawqK6qGVb65k
353,Earned It (Fifty Shades Of Grey),The Weeknd,120,28,66,-8,39,4:11,43,R&B,relaxed,https://lh3.googleusercontent.com/u/0/d/1likgJryCu_IJy4637AfZnJ0MGTgmQRt8
354,After Hours,The Weeknd,109,57,66,-6,14,6:01,8,R&B,sad,https://lh3.googleusercontent.com/u/0/d/1-hDoLp86fHRbuD9uXXsOxiwuLd2DfXMI
355,Ninggal Tatu,Kurnia Rahma,132,73,59,-8,45,5:01,3,Pop Jawa,angry,https://lh3.googleusercontent.com/u/0/d/1C23lHisgiOeVj4-EhFaWXnLUY3LZzuDc
356,Mariners Apartment Complex,Lana Del Rey,76,25,53,-13,16,4:06,76,Pop Indie,relaxed,https://lh3.googleusercontent.com/u/0/d/1dvJanRIdqp1z5eAOmbjQag48nFcBghx-
357,Jogja Istimewa,Jogja Hip Hop Foundation,170,89,81,-4,79,4:04,17,Hip-Hop,happy,https://lh3.googleusercontent.com/u/0/d/15H39S27mzBdSOy0QBqk6LBrkOVJNMX4Y
358,Song of Sabdatama,Jogja Hip Hop Foundation,156,72,70,-4,41,5:22,4,Hip-Hop,happy,https://lh3.googleusercontent.com/u/0/d/1Fi5p0OjNvP_nmtGPEdQ0g42SFzUTKt-f
359,Peaches (feat. Daniel Caesar & Giveon),Justin Bieber,90,70,68,-6,46,3:45,32,Pop,happy,https://lh3.googleusercontent.com/u/0/d/17OBJcPQQYy_cXjpXAYJWm8EZ_geU7zu8
360,Lie To Girls,Sabrina Carpenter,120,41,66,-9,22,3:20,46,Pop,sad,https://lh3.googleusercontent.com/u/0/d/1ru68seqFBay-oPyy1xQilYzPdpxyFUD5
361,Flip It Up,Tiara Andini,154,78,61,-4,67,3:08,3,Pop,angry,https://lh3.googleusercontent.com/u/0/d/16RCV3MhAhRDFeCkYT0vWlZwG1RcMJtax
362,good 4 u,Olivia Rodrigo,167,66,56,-5,69,2:58,34,Rock,sad,https://lh3.googleusercontent.com/u/0/d/1V4OKOD7QulDVkBGg8BQTyYzxfFSrqKC3
363,Less Than Zero,The Weeknd,143,79,54,-6,50,3:31,0,R&B,angry,https://lh3.googleusercontent.com/u/0/d/1IeOLKrp-Tc2qod1nA2k5vbDAeEMfoDXP
364,West Coast,Lana Del Rey,123,59,53,-8,46,4:16,19,Pop Indie,relaxed,https://lh3.googleusercontent.com/u/0/d/1Z0O6j8wsdlczUsv4PWyq2WApyOXtmFU_
365,dna,LANY,100,57,69,-8,52,2:57,25,Pop Indie,relaxed,https://lh3.googleusercontent.com/u/0/d/1rKBZJiT0jk-4igz-JaegnnwwhlxZ5h_k
366,Malibu Nights,LANY,74,42,56,-12,19,4:46,70,Pop Indie,sad,https://lh3.googleusercontent.com/u/0/d/1rKBZJiT0jk-4igz-JaegnnwwhlxZ5h_k
367,Heather,Conan Gray,102,43,36,-7,27,3:18,58,Pop,sad,https://lh3.googleusercontent.com/u/0/d/1tvtKXV1AzKHWRqyrUYsP0VtxK2Y8kywz
368,Just the Way You Are,Bruno Mars,109,84,64,-5,42,3:40,1,R&B,happy,https://lh3.googleusercontent.com/u/0/d/150fuBxc84a3tfku6F3UZHT-xQci4UguM
369,"Koyo Jogja Istimewa - From ""Cidro Asmoro""",Ndarboy Genk,124,83,77,-5,92,4:28,44,Pop Jawa,happy,https://lh3.googleusercontent.com/u/0/d/109yCr_0NbGDORENzWBeTOqcthPNk-mwq
370,Congrats,LANY,84,49,53,-7,24,3:37,20,Pop Indie,sad,https://lh3.googleusercontent.com/u/0/d/1lvCAsGIL2NjSsaEjtLJJPd78JTcenii5
371,Creep,Radiohead,92,43,52,-10,10,3:56,1,Rock,sad,https://lh3.googleusercontent.com/u/0/d/1zSkqiaKqBk4Lspx0R9hJSe3ZtQfuz8oF
372,Let Down,Radiohead,102,68,35,-9,14,4:59,0,Rock,sad,https://lh3.googleusercontent.com/u/0/d/1Vzmv2d60wfjs5ldrVSjl3T7lbUV4G7zB
373,No Surprises,Radiohead,76,39,26,-11,12,3:47,6,Rock,sad,https://lh3.googleusercontent.com/u/0/d/1Vzmv2d60wfjs5ldrVSjl3T7lbUV4G7zB
374,Fake Plastic Trees,Radiohead,74,23,46,-13,14,4:50,17,Rock,sad,https://lh3.googleusercontent.com/u/0/d/1Nxr6ZWyfRvPH9rvINwo__jdFM15HJL2d
375,Last Night on Earth,Green Day,120,49,56,-7,24,3:56,4,Rock,relaxed,https://lh3.googleusercontent.com/u/0/d/1NFIwpJhpD8RInDzV9CWMweOtzPEFXbFe
376,Cancer,My Chemical Romance,75,52,46,-4,22,2:23,36,Rock,sad,https://lh3.googleusercontent.com/u/0/d/14TIZEhfhquUHaZdJnl8_DA6I-oQyzfni
377,Kupu - Kupu,Tiara Andini,122,75,69,-5,57,4:02,47,Pop,happy,https://lh3.googleusercontent.com/u/0/d/1o826RVv6cUtXLfq53lO4ru2oOnfa7aql
378,Lemah Teles,Happy Asmara,119,60,56,-7,43,6:16,93,Pop Jawa,relaxed,https://lh3.googleusercontent.com/u/0/d/1WlUKJW3_25RX_dBrmDx_JBCvd-T-kSCZ
379,Love Story (Taylor’s Version),Taylor Swift,119,79,63,-4,42,3:56,14,Pop,happy,https://lh3.googleusercontent.com/u/0/d/1tigNfbwh2aYFb4rq2PcB0vSa8uWUOcfO
380,bad guy,Billie Eilish,135,43,70,-11,56,3:14,33,Pop Indie,relaxed,https://lh3.googleusercontent.com/u/0/d/1m3ETxZsWQ5Kf726UHZJ-SshBi0if8bZJ
381,Mendung Tanpo Udan,Ndarboy Genk,125,74,60,-5,46,5:08,33,Pop Jawa,angry,https://lh3.googleusercontent.com/u/0/d/1PmuWfpx9nzV4H4ZV8KF9N1zFk8GwaG8b
382,Intentions,Pamungkas,143,41,60,-12,65,3:34,90,Pop Indo,relaxed,https://lh3.googleusercontent.com/u/0/d/1DH9gn_BWwhd1KPJElbOn-YuskLthbh1m
383,Arjuna,Dewa,138,85,53,-6,35,4:52,3,Rock,angry,https://lh3.googleusercontent.com/u/0/d/1EeJ-XLUYYJ-Q5pMRz-GiYT67QulLu6SS
384,Cerito Loro,Happy Asmara,125,53,75,-6,63,6:17,57,Pop Jawa,sad,https://lh3.googleusercontent.com/u/0/d/1sIQZMLN1EltiXFFWxp1S3-xXkfZn-gfO
385,13,LANY,134,54,78,-8,70,3:56,69,Pop Indie,relaxed,https://lh3.googleusercontent.com/u/0/d/1mdhputxmz-niLJVFIZnr5DIRhr8i4SvR
386,Kamulah Satu - Satunya,Dewa 19,74,71,43,-8,62,3:59,5,Rock,relaxed,https://lh3.googleusercontent.com/u/0/d/1cvXuJ-X67dUsTczHt66GMe4673GxkVXb
387,Satu-Satunya,Hivi!,125,65,68,-7,86,4:45,2,Pop,happy,https://lh3.googleusercontent.com/u/0/d/12DnQft_6Yprx6lwojNImzDj7WpN9cG6x
388,Tekan Semene,Aftershine,130,69,62,-9,28,5:08,25,Pop Jawa,sad,https://lh3.googleusercontent.com/u/0/d/1GTPJEiXqsVGlEWgCHdSTDWwzIzyJlHu3
389,Titik Nadir (feat. Monita Tahalea),Kahitna,118,41,38,-8,33,4:04,84,Pop,sad,https://lh3.googleusercontent.com/u/0/d/1yJzv3NM5bebgNiwrmtO6X6YrBYNDsWsE
390,Soulmate,Kahitna,116,41,68,-6,26,3:31,82,Pop,sad,https://lh3.googleusercontent.com/u/0/d/1BQ2TJbphhJP5U_Ueoqq4fgzypTwRkaW2
391,Cantik,Kahitna,161,74,63,-6,48,4:03,40,Pop,happy,https://lh3.googleusercontent.com/u/0/d/1LpFC7Y78P-WxxrBIfPtZs5WHXnCYbU13
392,Cinta Dan Rahasia,Yura Yunita,96,21,70,-8,51,4:20,82,Pop,sad,https://lh3.googleusercontent.com/u/0/d/15vIw-_P_zX4Z6mDBK6SFRoFjazSOHBc4
393,Rahasia Hati,Nidji,124,64,57,-7,35,4:10,46,Rock,sad,https://lh3.googleusercontent.com/u/0/d/1UVCVYnl4_gLWRTkCInkN-ZYcLXZNeeHn
394,Vicious,Sabrina Carpenter,130,46,72,-7,63,2:29,31,Pop,sad,https://lh3.googleusercontent.com/u/0/d/1UVCVYnl4_gLWRTkCInkN-ZYcLXZNeeHn
395,Fool's Gold,One Direction,128,77,52,-5,38,3:31,23,Pop,angry,https://lh3.googleusercontent.com/u/0/d/1U5uV4Mer0WynkblQM-fIbV-YS8Mkg-0M
396,Gampil,Guyon Waton,132,68,65,-10,59,4:50,48,Pop Jawa,sad,https://lh3.googleusercontent.com/u/0/d/1OEAX_Cm5LS8MFt5h9SL01but555vRhpA
397,Tawa,Nadin Amizah,90,70,40,-6,36,4:15,42,Pop Indo,sad,https://lh3.googleusercontent.com/u/0/d/1jJxXyaBYN_BD98qr1vqE9fbiM3LenRUq
398,Kekal,Nadin Amizah,146,30,34,-12,28,4:40,92,Pop Indo,relaxed,https://lh3.googleusercontent.com/u/0/d/1nJLeCip1EDack47dUfWBmR0wFl2luT3_
399,Radio,Lana Del Rey,75,86,42,-5,20,3:34,19,Pop Indie,angry,https://lh3.googleusercontent.com/u/0/d/141pVpnWkfQI8rzYaMKllgOnZiJ45VzLU
400,Kimcil Kepolen,NDX A.K.A.,140,79,69,-6,83,4:02,34,Pop Jawa,angry,https://lh3.googleusercontent.com/u/0/d/1ZkNFsKYhbgLhKJKQUtXAlwJHftm-NEOP
401,Topeng,Noah,133,75,55,-9,73,4:27,1,Rock,sad,https://lh3.googleusercontent.com/u/0/d/1Bmr3cmOfPCcomWgvC-pCXE3QJL61pUsV
402,Elang,Dewa 19,95,91,48,-6,77,4:44,0,Rock,happy,https://lh3.googleusercontent.com/u/0/d/1h91wVsExb6EIOR3mgkdj_fJUnPKGjVoz
403,Ego Wong Tuo - HipHop Dangdut Version,NDX A.K.A.,143,61,67,-10,93,4:37,62,Pop Jawa,sad,https://lh3.googleusercontent.com/u/0/d/1MDPQsai57FwaalIJMlBFZO49TWLjwS5Y
404,Fortnight (feat. Post Malone),Taylor Swift,192,39,50,-11,28,3:53,50,Pop,sad,https://lh3.googleusercontent.com/u/0/d/141pVpnWkfQI8rzYaMKllgOnZiJ45VzLU
405,What Makes You Beautiful,One Direction,125,79,73,-2,89,3:20,1,Pop,happy,https://lh3.googleusercontent.com/u/0/d/1BE0hkRTT9SK0uDiJodcMyxMcycMpNJ9q
406,Sigar,Denny Caknan,128,71,61,-5,48,5:51,50,Pop Jawa,sad,https://lh3.googleusercontent.com/u/0/d/1rZlyakT_JIvywTMrypxtIJKTCetyvT6r
407,everything i wanted,Billie Eilish,120,23,70,-14,24,4:06,90,Pop Indie,sad,https://lh3.googleusercontent.com/u/0/d/162lufmhhRyjFdhvU1i0p8eFrq-w7OpCE
408,Super Far,LANY,96,46,57,-7,46,3:25,10,Pop Indie,relaxed,https://lh3.googleusercontent.com/u/0/d/1npKBb44UFO7u7JTefjGiy7_j7v8yi5Gx
409,Coincidence,Sabrina Carpenter,78,82,42,-6,76,2:44,36,Pop,sad,https://lh3.googleusercontent.com/u/0/d/1Z9M2bgpG2fTSOmtLe-OVy2FQ6wn0aRWB
410,Lali Janjine,Niken Salindry,97,55,29,-5,14,6:08,17,Pop Jawa,sad,https://lh3.googleusercontent.com/u/0/d/1Uo5RD89OErQsX7_8dVV342LOYAs2ss1D
411,Style,Taylor Swift,95,79,59,-6,49,3:50,0,Pop,happy,https://lh3.googleusercontent.com/u/0/d/1xkSR1kzKl_ZFQdzQEyP2C_cWKpJ3bti4
412,I Hate U,SZA,107,42,53,-9,38,2:55,51,R&B,sad,https://lh3.googleusercontent.com/u/0/d/1BmFFQTWyLkhf4l55uE4h_3C4fRLfTOpH
413,Thru These Tears,LANY,120,52,71,-8,29,3:23,15,Pop Indie,sad,https://lh3.googleusercontent.com/u/0/d/1vXFPDhu4SxZ6nZTRbNBRIGcrahOJgcVb
414,A Sky Full of Stars,Coldplay,125,68,55,-6,16,4:26,1,Rock,relaxed,https://lh3.googleusercontent.com/u/0/d/1sJigsllMtEr4M2rd5XOYcOHweBeVXFnD
415,Kok Iso Yo?,Guyon Waton,135,46,65,-12,58,5:36,53,Pop Jawa,sad,https://lh3.googleusercontent.com/u/0/d/1M6c__g5-raQa-7GOZZfgxRfJdtnOK_CV
416,Cundamani,Denny Caknan,122,72,64,-4,55,4:44,16,Pop Jawa,happy,https://lh3.googleusercontent.com/u/0/d/1uJST3yo6i82E4_9AvSKPxvd1d0VyKa52
417,champagne problems,Taylor Swift,171,24,46,-12,32,4:07,92,Pop,sad,https://lh3.googleusercontent.com/u/0/d/18ZATsHsDCe_Mw9c9NlIriMqh8x4ceLiw
418,The Scientist,Coldplay,146,44,56,-7,21,5:10,73,Rock,sad,https://lh3.googleusercontent.com/u/0/d/1XmzPxFsmEOlmzaiUXiKXyzZ-uGgqrdns
419,Am I Bothering You?,Reality Club,137,89,41,-5,34,3:46,0,Pop Indo,angry,https://lh3.googleusercontent.com/u/0/d/1T8ypeAF2wegjAeJVdIILCjSKJdKg31AW
420,Ours To Keep,Kendis,180,38,38,-8,26,3:26,71,Pop Indo,sad,https://lh3.googleusercontent.com/u/0/d/1yAHl3PYljc7WYinLQor56R0F-KUEpMG0
421,Anything You Want,Reality Club,176,58,21,-8,31,3:56,1,Pop Indo,relaxed,https://lh3.googleusercontent.com/u/0/d/1f3xKIa6W108wV4QcUrgq6dKC2OZhgPmR
422,Losing Us.,raissa anggiani,136,21,43,-9,23,3:55,98,Pop Indo,sad,https://lh3.googleusercontent.com/u/0/d/1cE_CVTNt7Dfkw7Y_-cSktlj3WiAqwfip
423,I Wish You Were Here,Sound Of A Mirror,140,37,65,-8,49,4:08,83,Pop Indo,sad,https://lh3.googleusercontent.com/u/0/d/1jdy6z7LoT5HnoUTVfMtXXE-VbQPTWFny
424,It's Only Me - Studio Version,Kaleb J,120,30,60,-13,32,3:25,31,R&B,relaxed,https://lh3.googleusercontent.com/u/0/d/1bGse0kXkgNQFhwkwgEtn2BKCA-oM2Emg
425,You Belong With Me (Taylor’s Version),Taylor Swift,130,77,63,-5,47,3:48,6,Pop,happy,https://lh3.googleusercontent.com/u/0/d/1ELK1tqvvVi-hRzyw9lK33Nsb0_crmJAV
426,Ekspektasi,Aruma,76,38,49,-10,18,5:04,87,Pop Indo,sad,https://lh3.googleusercontent.com/u/0/d/1cR2pP7gqb9n1qi-IvGHmED7ZGX6wrhzO
427,i've always loved you,Arash Buana,174,21,35,-14,11,5:12,87,Pop Indo,relaxed,https://lh3.googleusercontent.com/u/0/d/1IphvQZHYHA-sYtZ5iSR4ahRV1Vr2UHH3
428,Daylight,Taylor Swift,150,50,56,-10,27,4:54,81,Pop,relaxed,https://lh3.googleusercontent.com/u/0/d/1NlgzLmjmlHsRBUPezQ6VBu8JbzHhzMUo
429,august,Taylor Swift,90,62,53,-9,40,4:23,54,Pop,sad,https://lh3.googleusercontent.com/u/0/d/16wlsEikwrszBRWg72GTl704_jI2gODKA
430,You & I,One Direction,131,33,57,-7,36,3:04,22,Pop,relaxed,https://lh3.googleusercontent.com/u/0/d/1Y22ICE3Y1h-YsdeDEbZeGs-fvYOaNiRo
431,Wide Awake,Katy Perry,160,68,51,-5,56,3:31,8,Pop,sad,https://lh3.googleusercontent.com/u/0/d/1VKQecS-e2K6_SEZmqw2KvvtxIM_WG87I
432,La La Lost You - Acoustic Version,NIKI,101,20,62,-12,39,3:27,91,R&B,sad,https://lh3.googleusercontent.com/u/0/d/18tOqYtBG8iEWCKW-PaN_yRDddcm4-akr
433,Rewrite The Stars (with James Arthur & Anne-Marie),James Arthur,126,74,67,-5,57,3:53,24,Pop,angry,https://lh3.googleusercontent.com/u/0/d/10Gvmn1sTdX3f_ae3fntBcnxnCTLBWvJS
434,I Don't Know Anymore,Aziz Hedra,132,53,45,-8,18,3:51,54,Pop Indo,sad,https://lh3.googleusercontent.com/u/0/d/1nRdFcBM6XuT0vC35HzICd7ugR4HCwbZB
435,we can't be friends (wait for your love),Ariana Grande,116,65,65,-8,30,3:48,6,Pop,relaxed,https://lh3.googleusercontent.com/u/0/d/1gdaUqW7ztPCIsJ5Ss6JNNqKAyY4OXb2e
436,Somebody's Pleasure,Aziz Hedra,117,49,63,-7,24,3:53,85,Pop Indo,sad,https://lh3.googleusercontent.com/u/0/d/111A6dIRmbKAAkTtswayZNWUP6ID5sefV
437,Lampu Kuning,Juicy Luicy,81,37,54,-8,40,3:59,79,Pop Indo,sad,https://lh3.googleusercontent.com/u/0/d/1-ikpvrc3VvstpLJRWhkCoT9PsuIzeVON
438,Tujuh Belas,Tulus,105,72,37,-6,67,4:15,56,Jazz,relaxed,https://lh3.googleusercontent.com/u/0/d/11sfObMb_pgVsjEtaTnePP4G3daNFmGDL
439,It's You (feat. Kaleb J),Sezairi,124,28,68,-8,29,4:14,82,Pop,relaxed,https://lh3.googleusercontent.com/u/0/d/1qbI62vOGSzvmdz0lx-qWoDH59WugDweZ
440,One Only,Pamungkas,147,52,32,-6,12,4:18,22,Pop Indo,relaxed,https://lh3.googleusercontent.com/u/0/d/1TOipk1l71dsa-oi5ECeueC9QKAJcNbu8
441,Sialan,Adrian Khalif,142,58,59,-6,66,4:04,40,Pop,sad,https://lh3.googleusercontent.com/u/0/d/1-XgLtyAoccGDH5beFZfAHLRI9gnFY175
442,"Berakhir di Aku - Original Soundtrack From ""Home Sweet Loan""",Idgitaf,140,26,53,-10,40,4:39,93,Pop Indo,sad,https://lh3.googleusercontent.com/u/0/d/1gDwEFwewpe-VPHcn9804Xo0wZ42_6C-j
443,Kita usahakan rumah itu,Sal Priadi,95,32,71,-13,30,3:31,80,Folk,relaxed,https://lh3.googleusercontent.com/u/0/d/1vxm00MpZ3aQD1_h3Pje9ahKyrC2KJVtd
444,Anti ∞ Hero,Mighfar Suganda,167,47,35,-8,8,3:32,18,Pop Indo,sad,https://lh3.googleusercontent.com/u/0/d/1xcLY8g4WdmyqdiuGPtiFPWxuH-BYw1vn
445,Never Mine,After Nourway,144,30,54,-14,51,5:11,83,Pop Indo,sad,https://lh3.googleusercontent.com/u/0/d/1t8n4glmsqsIhLaNugpiVaSLyI3l-21Ex
446,Bila Kau Tak Disampingku,Sheila On 7,120,67,71,-9,83,4:16,1,Rock,angry,https://lh3.googleusercontent.com/u/0/d/1jk_hkYhiep2CSzvp5gdmnhVjHKm8kICE
447,"Masa ini, Nanti, dan Masa Indah Lainnya",Nuca,83,40,19,-8,13,4:35,76,Pop Indo,relaxed,https://lh3.googleusercontent.com/u/0/d/1oW6fB-LZ-Ev6szFYNWVaaKfhA64RIh6J
448,Malapetaka,Juicy Luicy,120,65,64,-6,76,3:46,19,Pop Indo,sad,https://lh3.googleusercontent.com/u/0/d/1oAidhs-d9uu3rt5rVwvEeaEs_k7CePaw
449,Iqro',Raim Laode,130,63,53,-5,32,3:53,13,R&B,relaxed,https://lh3.googleusercontent.com/u/0/d/1ZFKp307-j2cCKv-YRv07mPGP8XAh_j30
450,Hati-Hati di Jalan,Tulus,72,44,64,-11,76,4:02,70,Jazz,relaxed,https://lh3.googleusercontent.com/u/0/d/1rPcJ-38xu9JDrYPsQLhatqg9ykRqCwO4
451,kota ini tak sama tanpamu,Nadhif Basalamah,81,50,54,-7,36,4:32,79,R&B,relaxed,https://lh3.googleusercontent.com/u/0/d/1t9BFBz2wRHdRvzu_YcCxM2OQztiGy3Wy
452,Mengudara,Idgitaf,186,57,51,-6,16,3:00,76,Pop Indo,relaxed,https://lh3.googleusercontent.com/u/0/d/14xLDyQ57wOjI8up-jnkcOkL521PcQJpd
453,"Hidup Untukmu, Mati Tanpamu",Noah,158,87,35,-5,21,5:22,3,Rock,happy,https://lh3.googleusercontent.com/u/0/d/1k5gorueNDrmyY9iLLWoR3PsKN8GfZhD_
454,Strong,One Direction,115,66,74,-7,34,3:05,6,Pop,happy,https://lh3.googleusercontent.com/u/0/d/1VGD7QUgYS4r-MpGrjOL3hDVqeiRbMm2h
455,Ribuan Memori,Lomba Sihir,96,68,73,-5,92,4:14,12,Pop Indie,happy,https://lh3.googleusercontent.com/u/0/d/1lVmBNTUTicpMFd0xT5wA_YrL8vgnJV4d
456,Bermuara,Rizky Febian,146,35,24,-10,22,4:47,72,Pop,relaxed,https://lh3.googleusercontent.com/u/0/d/1JM5cY_vXjooa_e5hsLXp3lnyuXrbWv77
457,Manusia Paling Bahagia,Ghea Indrawari,125,77,73,-5,92,3:32,25,Pop,happy,https://lh3.googleusercontent.com/u/0/d/16a0Os1XQMr_aKeMgal3XLVZEzCterklZ
458,supernatural,Ariana Grande,76,71,58,-7,52,2:43,10,Pop,relaxed,https://lh3.googleusercontent.com/u/0/d/1IySxKuPhWfi-SjJUP0_C7nK7gRUjxF3l
459,Laksana Surgaku,Dudy Oris,130,43,68,-7,38,3:38,42,Pop,relaxed,https://lh3.googleusercontent.com/u/0/d/1swsnMR7aH4YS5pwHxHaryIbSsu2UfWjr
460,Lesung Pipi,Raim Laode,136,38,60,-11,40,3:44,47,R&B,relaxed,https://lh3.googleusercontent.com/u/0/d/1FzRTzPRoYLc_O6OXSDYutahH_fkO69uD
461,Siapkah Kau 'Tuk Jatuh Cinta Lagi,Hivi!,142,71,63,-6,90,4:39,28,Pop,happy,https://lh3.googleusercontent.com/u/0/d/1C8qmgNTr3eWhZA_UkzFB8rbv97JSzfue
462,Bersenja Gurau,Raim Laode,77,28,55,-10,17,3:13,76,R&B,relaxed,https://lh3.googleusercontent.com/u/0/d/138a-cmy4vs6h91_HEGhO06R5upkbf6JM
463,Cemburu,Raim Laode,130,47,58,-8,44,4:34,76,R&B,sad,https://lh3.googleusercontent.com/u/0/d/1XF_XpH3h9tfRhk9xGHne2hJBUrFL0mTa
464,Sampai Kau Jadi Milikku,Judika,164,66,60,-7,50,3:13,11,Pop,relaxed,https://lh3.googleusercontent.com/u/0/d/1rcnZ1xlk-QFhlwjs9lSbQKE5WhO74pdI
465,Kamu Cantik Kamu Baik,Lyla,110,66,66,-10,63,4:06,10,Pop,relaxed,https://lh3.googleusercontent.com/u/0/d/1t023URV5OiXV7x9S5lhMr7XK1XH-3Z04
466,Sesuatu Di Jogja,Mitty Zasia,100,10,73,-14,18,4:21,96,Pop Indo,relaxed,https://lh3.googleusercontent.com/u/0/d/1xToK6gFNmgUH4ygwkjLUdOYdTUMEbAxW
467,Merindu Lagi (Pada Kekasih Orang),Yovie & Nuno,128,69,62,-4,72,2:58,34,Rock,angry,https://lh3.googleusercontent.com/u/0/d/1FEOZ9uDb8f0hdF3nWe8fzIrWpfOgetyL
468,Mau Dibawa Kemana,Armada,110,57,65,-6,73,3:56,49,Pop,sad,https://lh3.googleusercontent.com/u/0/d/1QFyfzGoS8MYM1awRC-K2Xn8ssTSX5F0_
469,Perfect,One Direction,100,82,65,-5,40,3:46,6,Pop,happy,https://lh3.googleusercontent.com/u/0/d/1lZK3TUN8Wk1fra55OmRo0CSgH4Aploj4
470,lowkey,NIKI,118,49,75,-8,23,2:51,43,R&B,relaxed,https://lh3.googleusercontent.com/u/0/d/1kGe3xpe0yt_BRJhKo_Ja6L6mUaiFztRu
471,Jadi Kekasihku Saja,Keisya Levronka,126,59,67,-6,71,2:51,80,Pop,relaxed,https://lh3.googleusercontent.com/u/0/d/1g4Sbo0CtFGCkuGP74eMQgj4CxXfyigsM
472,Ingkar,Tulus,86,33,24,-9,35,4:17,87,Jazz,sad,https://lh3.googleusercontent.com/u/0/d/1HqtJoPXs-hogiYqXKVFemCKZZuQ99yIE
473,Now I Know,Kaleb J,120,44,59,-6,31,4:18,2,R&B,relaxed,https://lh3.googleusercontent.com/u/0/d/1v5ru35U_kT5WbXIoXdG-ENj_7_RetfCN
474,Gemuruh Riuh,Mighfar Suganda,150,69,44,-11,31,4:42,6,Pop Indo,sad,https://lh3.googleusercontent.com/u/0/d/1F76DNnvg9U6G43a1CQkVkozlIa8DNYE-
475,Berpayung Tuhan,Nadin Amizah,120,24,64,-13,32,4:57,93,Pop Indo,relaxed,https://lh3.googleusercontent.com/u/0/d/1bnaH7Rb1TWciIE1r2ZfBPWtRmj1XwxoP
476,Gravity,wolfy.,76,47,46,-9,22,3:22,42,Pop Indo,relaxed,https://lh3.googleusercontent.com/u/0/d/1WncW9HXVufBoJ3ylZHxHGpSnFD8BBaeF
477,Say You Won't Let Go,James Arthur,85,56,36,-7,49,3:30,70,Pop,relaxed,https://lh3.googleusercontent.com/u/0/d/1EeywcnLfDualQ_1g8Z88JgXpfXB5CT4P
478,Impossible,James Arthur,170,70,38,-5,30,3:31,14,Pop,sad,https://lh3.googleusercontent.com/u/0/d/1LMdRPzTqucZI8H5KpkqWnQ_gkD1slL6Z
479,Car's Outside,James Arthur,150,56,34,-7,26,4:06,4,Pop,sad,https://lh3.googleusercontent.com/u/0/d/1gkdFzShg9WrZ2kci0K91QCjxYw9jSGkr
480,Train Wreck,James Arthur,77,49,31,-6,23,3:24,70,Pop,sad,https://lh3.googleusercontent.com/u/0/d/1SIgFVpdzZQid_U99yp_CE6u-1luubrT
481,Can I Be Him,James Arthur,108,54,70,-6,48,4:05,31,Pop,sad,https://lh3.googleusercontent.com/u/0/d/1yyVwM7mBPTCgt1dmwf9hWT7tvfiDAlfF
482,Naked,James Arthur,102,61,53,-7,29,3:53,8,Pop,sad,https://lh3.googleusercontent.com/u/0/d/1VaaxKwBvoumf2wIYdiKG1Uy36ku81hB8
483,A Thousand Years,James Arthur,139,47,53,-6,27,4:12,40,Pop,relaxed,https://lh3.googleusercontent.com/u/0/d/1PwyQx3s0moZiubA4OgeaF29A016NQ6sA
484,KISINAN 2,Masdddho,127,63,59,-7,66,3:52,61,Pop Jawa,sad,https://lh3.googleusercontent.com/u/0/d/1-2B2lEoOfdRm3gevLRfM10jEkGaFwPM3
485,Sinarengan,Denny Caknan,128,55,53,-7,22,5:31,75,Pop Jawa,relaxed,https://lh3.googleusercontent.com/u/0/d/1rFeQjg_pFClukekgg_rHFGsrf5hhARh1
486,Wirang,Guyon Waton,134,62,62,-9,59,5:00,31,Pop Jawa,sad,https://lh3.googleusercontent.com/u/0/d/1ZGq4hZH3Aru-JT2a1rytVRWkAR66dF3N
487,Drag Path,Twenty One Pilots,190,49,28,-7,30,3:44,49,Rock,angry,https://lh3.googleusercontent.com/u/0/d/1Hvqi8566LtWjJCn20He3WJsAuQcE9YmZ
488,Apocalypse,Cigarettes After Sex,94,47,37,-9,17,4:46,2,Pop Indie,relaxed,https://lh3.googleusercontent.com/u/0/d/16M0PkUPkCp7gMk8bH-8Q0p9SYpRlQvMU
489,Cry,Cigarettes After Sex,143,40,41,-10,16,4:16,76,Pop Indie,sad,https://lh3.googleusercontent.com/u/0/d/1ZyiRQku_RrDBltiIODaqPeyPfnZLh7DC
490,Sunsetz,Cigarettes After Sex,75,48,41,-9,14,3:34,5,Pop Indie,relaxed,https://lh3.googleusercontent.com/u/0/d/1XeM46TbpvdL5eqmjrTDrTp5UPM6lRFyA
491,K.,Cigarettes After Sex,94,40,45,-10,31,5:17,15,Pop Indie,sad,https://lh3.googleusercontent.com/u/0/d/1dbU2nTo0j61rdIIQ26yHMmIlftVHJ1cK
492,Sweet,Cigarettes After Sex,96,51,45,-9,11,4:51,36,Pop Indie,relaxed,https://lh3.googleusercontent.com/u/0/d/1cjw_72hErAIkVZYh0lDuMQhYAHkQ6mMw
493,Nothing's Gonna Hurt You Baby,Cigarettes After Sex,97,33,51,-14,10,4:46,27,Pop Indie,relaxed,https://lh3.googleusercontent.com/u/0/d/1KaD5SI7Q4KdlxSpbeMtJ8JWvCnLwd81D
494,Heavenly,Cigarettes After Sex,105,44,54,-9,13,4:46,68,Pop Indie,relaxed,https://lh3.googleusercontent.com/u/0/d/1N_mw426oIeuoaplVt6taoZkjDjXc3WPi
495,Touch,Cigarettes After Sex,96,50,49,-9,38,4:52,37,Pop Indie,relaxed,https://lh3.googleusercontent.com/u/0/d/1T3LOaEttFna0zVVF6yyxYJxztVnVXI4k
496,John Wayne,Cigarettes After Sex,124,46,43,-8,18,4:18,35,Pop Indie,sad,https://lh3.googleusercontent.com/u/0/d/1etDlINq8xdz9gRPZ28npWGIqHP_BF60O
497,You're All I Want,Cigarettes After Sex,186,47,23,-11,25,4:24,36,Pop Indie,relaxed,https://lh3.googleusercontent.com/u/0/d/1YTKFy53XZy6tufEmFaBfOH8LC3-V6SEi
498,Summertime Sadness,Lana Del Rey,112,65,56,-7,24,4:25,5,Pop Indie,sad,https://lh3.googleusercontent.com/u/0/d/1WndI3ZWLxewRXpH94j-eFiSh-6yANuwk
499,Brooklyn Baby,Lana Del Rey,108,66,40,-7,9,5:53,54,Pop Indie,relaxed,https://lh3.googleusercontent.com/u/0/d/1T_bwJ5m8bwHQ9xVzmBm2ORZeMwLugobI
500,Salvatore,Lana Del Rey,118,31,30,-10,12,4:41,68,Pop Indie,relaxed,https://lh3.googleusercontent.com/u/0/d/1lLeMYhtpBHhbDZ2bRx9BLJ5SypXl5Jih
501,anything 4 u,LANY,147,56,57,-8,47,3:14,14,Pop Indie,relaxed,https://lh3.googleusercontent.com/u/0/d/18s_-fX4Q6G1cKlOiJdj_gE6rglNAaNbc
502,Tunggal Eka,La Tasya,137,74,67,-7,75,3:38,51,Pop Jawa,happy,https://lh3.googleusercontent.com/u/0/d/1TSifJcrwo2cPGyRbOKPa6Xtbs4Stxuaq
503,Raiso Ngapusi,La Tasya,140,75,67,-8,95,4:39,52,Pop Jawa,sad,https://lh3.googleusercontent.com/u/0/d/1xvwNan1v51sUc0ah38x84xqnZ1jkiY0-
504,Raiso Ngapusi 2,La Tasya,138,72,66,-7,86,4:39,51,Pop Jawa,angry,https://lh3.googleusercontent.com/u/0/d/1um8ebqMy3ZZp5fcfDrHZSEM2OZ0CHKJv
505,CLBK (Cinta Lama Bersemi Kembali),La Tasya,113,30,74,-10,52,5:11,98,Pop Jawa,relaxed,https://lh3.googleusercontent.com/u/0/d/1l0tafEzQefdlSBZ9kRYPfB5pv-lIaJz8
506,Kata Mereka Ini Berlebihan,Bernadya,78,44,40,-10,22,3:12,88,Pop Indo,relaxed,https://lh3.googleusercontent.com/u/0/d/1YvEsCihNkEnNWPmXBVZl20BkGHdhnhyl
507,Apa Mungkin,Bernadya,90,30,54,-12,25,3:57,89,Pop Indo,sad,https://lh3.googleusercontent.com/u/0/d/124BStWEZ26EdABAGGgfKTwGrS0tV2qT5
508,Kini Mereka Tahu,Bernadya,150,48,58,-10,24,4:44,90,Pop Indo,sad,https://lh3.googleusercontent.com/u/0/d/1mP0_3PdL9AeCBuA_PqKFdke3XpiBYwA4
509,Terlintas,Bernadya,87,34,47,-10,24,3:55,89,Pop Indo,sad,https://lh3.googleusercontent.com/u/0/d/17-TI9oEqe1X-ZvUR1mvpYgnBcKcra2zZ
510,Pelan-Pelan,Nuca,132,37,44,-7,18,4:04,85,Pop Indo,relaxed,https://lh3.googleusercontent.com/u/0/d/1fTVIdQE6ZFW2swYpjakRhh0XTacIGIO8
511,Sampai Kita Tua,Nuca,101,35,32,-9,21,4:35,75,Pop Indo,relaxed,https://lh3.googleusercontent.com/u/0/d/1WxN2gSqkMczSm4vUGbzFLmkk81IM5Va1
512,jatuh cinta lagi,Nadhif Basalamah,77,28,31,-10,23,4:08,89,R&B,sad,https://lh3.googleusercontent.com/u/0/d/1cBtTzCFa2rkL_TneiLtZZ3iRKo39EE4U
513,sesuatu,Nadhif Basalamah,125,95,49,-4,42,3:38,0,R&B,angry,https://lh3.googleusercontent.com/u/0/d/1q3HoHXZD2F_0UcoB-vQ78JH-NIRjVTIh
514,masih ada waktunya,Nadhif Basalamah,146,36,55,-9,47,4:07,93,R&B,sad,https://lh3.googleusercontent.com/u/0/d/1gIFIn6Gh9-F_VlBaAySADnh_jVKG5ILA
515,tiba-tiba jumat lagi,Nadhif Basalamah,79,47,22,-10,20,4:09,88,R&B,sad,https://lh3.googleusercontent.com/u/0/d/1LWkq07GlPbyEpTm158ldayzLA4lDj_r3
516,jika kau lelah denganku,Nadhif Basalamah,115,59,78,-7,65,3:08,74,R&B,sad,https://lh3.googleusercontent.com/u/0/d/1PetbTiJ-qDbpnFvX8s-h9Fgwsvvrdg3M
517,semoga kau bisa maafkanku beribu kali,Nadhif Basalamah,173,95,45,-5,73,3:45,16,R&B,happy,https://lh3.googleusercontent.com/u/0/d/18-VYHMY1LQO21zeBWGKVqD4sQNXe3puj
518,bersimpuh,Nadhif Basalamah,120,38,45,-10,15,4:16,92,R&B,sad,https://lh3.googleusercontent.com/u/0/d/1s9rcxIARaQCKjC9WuarGjTbikkasObwL
519,isi kepalaku,Nadhif Basalamah,156,37,32,-8,42,3:36,68,R&B,relaxed,https://lh3.googleusercontent.com/u/0/d/1dPpdvwZKtgOt3SQJcMAOuQZiGW7BnLL0
520,penuh,Nadhif Basalamah,82,44,62,-9,75,4:27,61,R&B,sad,https://lh3.googleusercontent.com/u/0/d/1EdKUyWp8HRxYtiAR4JwItTKRMCOtZRlK
521,tulis / terapi,Nadhif Basalamah,115,51,66,-8,37,3:51,45,R&B,sad,https://lh3.googleusercontent.com/u/0/d/1N_u5ugcCZkMlRRf_lVAuU6SKdDuwwizT
522,Membasuh,Hindia,187,20,34,-12,24,6:13,93,Pop Indo,relaxed,https://lh3.googleusercontent.com/u/0/d/1ZBGYao1btbzG8J48QrYAHnibchrdLlEN
523,Ramai Sepi Bersama,Hindia,105,72,64,-5,63,3:07,0,Pop Indo,happy,https://lh3.googleusercontent.com/u/0/d/1eqnOGSqV7De4Y17fdrvQ9a7LgLHQBWFN
524,kids,Hindia,83,67,53,-6,76,3:02,9,Pop Indo,relaxed,https://lh3.googleusercontent.com/u/0/d/1wbVmRih6ndm65wuJT9zNK-q1hYPGdD3K
525,Rasakan Nikmatnya Hidup,Hindia,102,87,64,-5,60,2:30,6,Pop Indo,happy,https://lh3.googleusercontent.com/u/0/d/19ZbRq7N6mNedUGKj-FpJZ__NFK_L7Agi
526,Bayangkan Jika Kita Tidak Menyerah,Hindia,144,90,70,-6,93,3:13,38,Pop Indo,angry,https://lh3.googleusercontent.com/u/0/d/1HgAm0yZufKuB3tEdI0QV8YgH6qE9MK_L
527,Evakuasi,Hindia,85,46,67,-8,44,3:28,40,Pop Indo,sad,https://lh3.googleusercontent.com/u/0/d/1U92hSoWSm56sG6HwCi9JK6BI8iJcl1cY
528,Dehidrasi,Hindia,110,88,61,-5,57,3:59,0,Pop Indo,angry,https://lh3.googleusercontent.com/u/0/d/173guG1hw2tvynCFECHilecPfCrUMXu0G
529,Untuk Apa / Untuk Apa?,Hindia,110,80,73,-8,64,6:18,30,Pop Indo,angry,https://lh3.googleusercontent.com/u/0/d/1NZt8oMa7FLkhM280Z6iPjFwWdESeI46H
530,Laskar Pelangi,Nidji,90,48,55,-10,51,3:52,31,Rock,relaxed,https://lh3.googleusercontent.com/u/0/d/1iFlR0UvdubmeOsKLkVEDd7tQUEdxNq9P
531,Hapus Aku,Nidji,129,78,64,-6,60,4:12,38,Rock,angry,https://lh3.googleusercontent.com/u/0/d/1y4cWU_gd15Fn3PGyiPAPscoRbD6CITNr
532,Kau Masih Kekasihku,NaFF,146,52,50,-7,25,4:45,31,Rock,relaxed,https://lh3.googleusercontent.com/u/0/d/1zatCJWOAxCSNGgKsUEtO-UDwKuzgf--B
533,Akhirnya Ku Menemukanmu,NaFF,140,47,60,-7,32,5:06,9,Rock,relaxed,https://lh3.googleusercontent.com/u/0/d/1J3gyREAZmdGEa08JsM4S86TD6Kg8yiuh
534,Dia Telah Pergi,NaFF,132,33,47,-10,20,5:32,74,Rock,sad,https://lh3.googleusercontent.com/u/0/d/1RzYeIZF3Nzht9bEIpfxDwDvvv74QDf6G
535,Kenanglah Aku - Live,NaFF,138,39,48,-9,50,4:03,45,Rock,sad,https://lh3.googleusercontent.com/u/0/d/1DeZL8v2QJAHa7_8_jjmErsxDg0ZcBngq
536,Mantan Terindah,Kahitna,92,36,41,-9,19,3:37,69,Pop,relaxed,https://lh3.googleusercontent.com/u/0/d/1Ftjt5o1hYWRBGbRDJMzviY7cfONWO4Gr
537,Asing,Juicy Luicy,174,28,53,-10,44,3:13,65,Pop Indo,sad,https://lh3.googleusercontent.com/u/0/d/1AA1fUhYZ2ctEEiWHyax3AGWmvVagpisn
538,Akhir Tak Bahagia,Misellia,132,19,54,-12,32,3:05,92,Pop Indo,sad,https://lh3.googleusercontent.com/u/0/d/1ljV21gqCKB3H2nt3m7d6Ol7oS7ELh1SN
539,Untuk Perempuan Yang Sedang Di Pelukan,Payung Teduh,149,49,48,-7,46,5:42,55,Keroncong,relaxed,https://lh3.googleusercontent.com/u/0/d/1hfhWwXYk5l3VtsE4SVYDo6i249QQ5xHE
540,Duka,Last Child,135,87,58,-5,34,5:25,11,Rock,angry,https://lh3.googleusercontent.com/u/0/d/1Fn6y1E9EPG83IJrJhmsAHRxEhWpAi8Zh
541,Diary Depresiku,Last Child,132,74,58,-9,50,5:17,2,Rock,angry,https://lh3.googleusercontent.com/u/0/d/1AxpqezPMDZjCE3DXK60vD-QOeGkJJQsk
542,Surat Cinta Untuk Starla,Virgoun,144,48,61,-7,37,4:33,69,Pop,relaxed,https://lh3.googleusercontent.com/u/0/d/1HP6vAzw6PNGtou2IWNkyMtkxsIPUy9h5
543,Pelangi,Hivi!,98,26,55,-9,18,3:37,98,Pop,relaxed,https://lh3.googleusercontent.com/u/0/d/15T_foVGVhXAFmpF9t96cLeQoHteBos7x
544,Mata Ke Hati (Acoustic Version),Hivi!,124,52,87,-6,89,3:24,23,Pop,happy,https://lh3.googleusercontent.com/u/0/d/1_3Gx8ugTW9DPSnWnqhpOmT_z72_xNmxs
545,Remaja,Hivi!,123,44,62,-8,70,3:36,71,Pop,relaxed,https://lh3.googleusercontent.com/u/0/d/1kVIZV4UM-eDWTu1_jTrRFFhZrTLLawLE
546,"Jatuh, Bangkit Kembali!",Hivi!,149,79,57,-7,79,4:50,1,Pop,happy,https://lh3.googleusercontent.com/u/0/d/1a0sy-TkLvocp0tblzxiiiImKVAkbUSN3
547,Backburner,NIKI,168,56,57,-9,22,3:56,5,R&B,sad,https://lh3.googleusercontent.com/u/0/d/1JBS6KbsDU_FG20-UQDF_fJn2KqsHUUaD
548,Oceans & Engines,NIKI,95,31,37,-9,7,5:36,62,R&B,sad,https://lh3.googleusercontent.com/u/0/d/1TB8-WrKQZwDpMPP-vOxgPwtQe9ORr4mW
549,Autumn,NIKI,95,45,42,-9,21,3:52,42,R&B,sad,https://lh3.googleusercontent.com/u/0/d/1xFP9t30qalLYI2k617yQ-jW2YWO_jcrX
550,The Apartment We Won't Share,NIKI,87,17,40,-16,31,2:29,91,R&B,sad,https://lh3.googleusercontent.com/u/0/d/1RpUrI_dg73zFQrNSq3qiEqUNABtYL0LC
551,Before,NIKI,140,60,67,-9,32,3:55,51,R&B,sad,https://lh3.googleusercontent.com/u/0/d/1u4JRU_cOZXjMiCCeuwAHDIWElceED1CZ
552,Fix You,Coldplay,138,42,21,-9,12,4:55,16,Rock,relaxed,https://lh3.googleusercontent.com/u/0/d/1-dWpQidTDibH4iVTLy2kPPZPEHfaSmqg
553,The Night We Met,Lord Huron,174,38,44,-10,11,3:28,97,Pop Indie,sad,https://lh3.googleusercontent.com/u/0/d/12AnvnOZ4nKVSYOqGfg7eIsKP6cUindCL
554,Scott Street,Phoebe Bridgers,135,42,51,-10,48,4:45,77,Pop Indie,sad,https://lh3.googleusercontent.com/u/0/d/1pDhhAzlCwtZ-oiCUo-rb4VMUau6pxahk
555,Sailor Song,Gigi Perez,95,41,49,-10,27,3:32,68,Pop Indie,sad,https://lh3.googleusercontent.com/u/0/d/1PIXTSUd63M4zH1v46Q7Zldq8F0jw_DLx
556,End of Beginning,Djo,160,45,69,-8,91,2:39,4,Pop Indie,sad,https://lh3.googleusercontent.com/u/0/d/10b3pdvtfZazrl1e1tKODsXEV2HidG8eY
557,back to friends,sombr,93,72,44,-2,24,3:19,0,Pop Indie,angry,https://lh3.googleusercontent.com/u/0/d/1W5tJXM21pQYyAtQipXCgyuuOjg4PLac6
558,The Winner Takes It All,ABBA,126,79,45,-7,52,4:54,57,Pop,sad,https://lh3.googleusercontent.com/u/0/d/1LKhj8Snupq99X6ru8GEI2h420khFm4BA
559,Ready to Run,One Direction,115,83,52,-4,30,3:15,0,Pop,happy,https://lh3.googleusercontent.com/u/0/d/13wxQAA26TJN4f1ie0Vkl2E1nkr_Lu9wY
560,Wolves,Selena Gomez,125,80,73,-5,31,4:03,12,Pop,angry,https://lh3.googleusercontent.com/u/0/d/17I73Td46dK2orvBWewo8ZMj0oZ9Hymes
561,Selesaikan Masa Lalumu Dulu,Dimas M,120,46,89,-11,93,1:57,31,Pop Indo,sad,https://lh3.googleusercontent.com/u/0/d/1u0Hguecuh6ppYAgwbDHfyUoKjaiBfobF
562,We Don't Talk Anymore (feat. Selena Gomez),Charlie Puth,100,56,73,-8,35,3:37,62,Pop,sad,https://lh3.googleusercontent.com/u/0/d/14pTUibxC5OgPE9iBs8SlzauaKyAZD1Ws
563,Faded,Alan Walker,180,63,47,-5,16,3:32,3,Electronic,sad,https://lh3.googleusercontent.com/u/0/d/1CYWHwSXZeFMGeqSpJITp4RM14vZ0-Wq1
564,Alone,Alan Walker,97,91,67,-4,18,2:43,23,Electronic,angry,https://lh3.googleusercontent.com/u/0/d/15s3rGuY1x0IhI-hXI6CbISY5864fUt1h
565,"Alone, Pt. II",Alan Walker,88,66,67,-4,63,2:57,54,Electronic,sad,https://lh3.googleusercontent.com/u/0/d/1BWjQjluNhV4sTCNS9R1rjwgsPfuN1FFq
566,Darkside,Alan Walker,170,61,43,-5,12,3:31,13,Electronic,sad,https://lh3.googleusercontent.com/u/0/d/1KTRA-F90EZcDujqg80cIQcfHIz70nV-X
567,Silence,Marshmello,142,76,52,-3,29,3:06,26,Electronic,angry,https://lh3.googleusercontent.com/u/0/d/1_4C0HAAJgwq--gg63xPQhqO2f4c3mmth
568,Beauty And A Beat,Justin Bieber,128,84,60,-5,53,3:48,0,Pop,happy,https://lh3.googleusercontent.com/u/0/d/1EIx58fgZQ14IBRqCmq0qIeRWz3M9jv00
569,Baby,Justin Bieber,65,86,73,-5,54,3:34,4,Pop,angry,https://lh3.googleusercontent.com/u/0/d/1XqbuY9R7i-YTuEA3SdxVmh_1vbwICjGs
570,Confident,Justin Bieber,134,56,74,-5,89,4:09,11,Pop,relaxed,https://lh3.googleusercontent.com/u/0/d/1lkyVe-K2uE2yO3Abd3BY_4ulY5sZUB78
571,Sorry,Justin Bieber,100,76,66,-4,41,3:18,8,Pop,angry,https://lh3.googleusercontent.com/u/0/d/1hAS7qqEC7n7nIfdenH0f_YHkVcynr5pC
572,DAISIES,Justin Bieber,110,38,80,-9,48,2:56,72,Pop,relaxed,https://lh3.googleusercontent.com/u/0/d/1efTvu0REUMkLm420484TTJb3E0E5ibIW
573,Eenie Meenie,Sean Kingston,121,61,72,-4,83,3:23,5,Reggae,happy,https://lh3.googleusercontent.com/u/0/d/1mxkS51zk2i1_QQW9Y35SMJv3GVgiZ0dx
574,BUTTERFLIES,Justin Bieber,104,55,59,-8,40,3:13,73,Pop,relaxed,https://lh3.googleusercontent.com/u/0/d/1nwa509wpTvE8_Yop6QfXjeodsOZE7-Jw
575,Habits (Stay High),Tove Lo,110,65,73,-4,35,3:32,7,Pop,angry,https://lh3.googleusercontent.com/u/0/d/10h4Gzjas-gWB4zAXMpGqafzD_l_IKQB6
576,Saktenane 2,Vadesta,125,62,64,-9,52,6:35,42,Pop Jawa,relaxed,https://lh3.googleusercontent.com/u/0/d/1w3LfmRHIpyLFQYhTAXjFsT7EZbdhQna_
577,Saktenane,Vadesta,125,55,64,-12,60,5:22,58,Pop Jawa,relaxed,https://lh3.googleusercontent.com/u/0/d/1HV-u_9ZZC5KELd1wKk4Cn2HaQU_IM69D
578,33x,Perunggu,101,68,62,-8,30,7:14,0,Rock,relaxed,https://lh3.googleusercontent.com/u/0/d/1Vtg_OCIAGjAXTF2ZmC2KCxlUWTv-IlDs
579,Selamat (Selamat Tinggal),Virgoun,80,58,47,-9,38,5:13,52,Pop,sad,https://lh3.googleusercontent.com/u/0/d/1F_SZ3Wf7bo9c6-eBBjqlFz3FN7E15eaM
580,APT.,ROSÉ,149,78,78,-4,94,2:49,3,International Pop,happy,https://lh3.googleusercontent.com/u/0/d/10uRE6qll3fqOw_FKBkIrZ4sysR-gBqIQ
581,Hitam Putih,Fourtwnty,120,33,52,-11,15,4:17,79,Pop Indo,relaxed,https://lh3.googleusercontent.com/u/0/d/12ZFWSNV8w5K88vhQuloj4An6ozRDfaNJ
582,Jakarta Hari Ini,For Revenge,114,80,53,-5,18,3:45,28,Rock,angry,https://lh3.googleusercontent.com/u/0/d/1AerXiCv3SqJc3t6z9xK6GTUBczx1EfFt
583,Nanti Kita Seperti Ini,Batas Senja,85,43,53,-7,40,3:30,30,Pop Indo,relaxed,https://lh3.googleusercontent.com/u/0/d/1ZgQZOEZYz9Zgc2vqV1yiexiMtFvQj2Pz
584,Pulang,For Revenge,130,57,52,-6,11,4:41,40,Rock,sad,https://lh3.googleusercontent.com/u/0/d/1gQTbfWGphGSgpX1rMwDOk3kPFYsw5T7z
585,Kenangan Manis,Pamungkas,140,68,60,-7,72,3:27,5,Pop Indo,relaxed,https://lh3.googleusercontent.com/u/0/d/1N29NCnRBaQVORpNg-De0UvKpZl9X9Pap
586,Resah Jadi Luka,Daun Jatuh,100,27,32,-15,18,4:34,95,Pop Indo,sad,https://lh3.googleusercontent.com/u/0/d/1BsTmIUHQlT17fLCFd7rNcCHSgOD2GTMb
587,April,Fiersa Besari,80,45,39,-8,57,4:13,62,Folk,relaxed,https://lh3.googleusercontent.com/u/0/d/1zRA21wNiCvluYsMY8KvJikV4sDhr2mAo
588,terima kasih,Halstage,87,48,57,-7,32,3:24,79,Pop Indo,sad,https://lh3.googleusercontent.com/u/0/d/1QeiLj2DiN8bSiPHqM0LGrzkQLlK_uJBv
589,"o,Tuan",.Feast,131,63,53,-8,22,5:06,6,Pop Indo,sad,https://lh3.googleusercontent.com/u/0/d/1bsWhAHZ5iekTkAIpkktKyfhPoDMxaEoD
590,Kami Belum Tentu,.Feast,105,90,62,-4,54,3:51,1,Pop Indo,angry,https://lh3.googleusercontent.com/u/0/d/1FhQP3KPilenpIAq1CcnCb25Am3r2ivAS
591,Berita Kehilangan,.Feast,85,80,54,-8,47,4:22,0,Pop Indo,angry,https://lh3.googleusercontent.com/u/0/d/11YzcLzxlpobJ-UPtCWdehhW0cnYuNR62
592,Di Atas Awan,Nidji,130,74,50,-6,17,4:18,0,Rock,happy,https://lh3.googleusercontent.com/u/0/d/1raSgo7LRcIkKKrig-XKLlD4U-J-ZybiR
593,Rahasia Hati,Element,75,53,54,-7,39,3:12,17,Pop Indo,sad,https://lh3.googleusercontent.com/u/0/d/1VizKHm_8tvOReb2LmkuwbBC-8ZxS-C56
594,Serana,For Revenge,130,71,43,-6,26,4:11,3,Rock,sad,https://lh3.googleusercontent.com/u/0/d/1TLPq6yJxxenekAX5XHY6NQGAWaBVJ-Id
595,Jeda,For Revenge,140,61,37,-6,16,4:02,5,Rock,relaxed,https://lh3.googleusercontent.com/u/0/d/1QpOSZeDOJD7z2QTPgAxuJ4H85zmAWl_v
596,Ada Selamanya,For Revenge,138,49,49,-5,11,3:30,11,Rock,relaxed,https://lh3.googleusercontent.com/u/0/d/1sRFblf7HhsH1Yxo6LLpqz7XiUn9bHmEb
597,Photograph,Ed Sheeran,108,38,61,-10,20,4:19,61,Pop,sad,https://lh3.googleusercontent.com/u/0/d/1LiSOVMjP0MuSctPe3_B3Coo84aChaxk5
598,I Wanna Be Yours,Arctic Monkeys,68,42,46,-9,48,3:03,14,Rock,relaxed,https://lh3.googleusercontent.com/u/0/d/1jWwm1NujisYkJBvkE6ZQa6Rl7aI7X3xc
599,No. 1 Party Anthem,Arctic Monkeys,115,70,51,-6,60,4:03,33,Rock,sad,https://lh3.googleusercontent.com/u/0/d/1ZxLgnndhOG9n996Jd55c8OjgNAnkijH4
600,"Zona Nyaman (From ""Filosofi Kopi 2: Ben & Jody"")",Fourtwnty,120,65,52,-6,35,4:03,36,Pop Indo,relaxed,https://lh3.googleusercontent.com/u/0/d/1bH626c0g6QQSNMl8VgKixSVejuImDHUD
601,Kursi Goyang,Fourtwnty,117,47,65,-7,37,3:51,56,Pop Indo,relaxed,https://lh3.googleusercontent.com/u/0/d/1cy-MLAtzvzX7anvbSEb46yxDzoyDV4bT
602,Kita Pasti Tua,Fourtwnty,98,24,57,-7,16,5:00,86,Pop Indo,relaxed,https://lh3.googleusercontent.com/u/0/d/1yxr-uSlmchyHTlIj7GiF7YKjZlBxIQmB
603,Aku Tenang,Fourtwnty,114,15,46,-9,17,3:50,92,Pop Indo,relaxed,https://lh3.googleusercontent.com/u/0/d/1bG70VrLava70qmTt939OnwN7Ft27ORUf
604,Fana Merah Jambu,Fourtwnty,110,55,70,-8,59,6:01,54,Pop Indo,relaxed,https://lh3.googleusercontent.com/u/0/d/1ZU4ldr5r_yuu5D8EXpz8HwHMHCzzmghv
605,golden hour,JVKE,94,59,52,-5,15,3:34,65,Pop,relaxed,https://lh3.googleusercontent.com/u/0/d/1Q9Qafbt3GNMe2Ac6kdQhPP6B88PCI6gD
606,A Thousand Years,John Michael Howell,115,36,45,-9,46,3:00,87,Pop,sad,https://lh3.googleusercontent.com/u/0/d/1IJYT8iYS24M7FItx_0OatiMiNehwlb9Q
607,this is what winter feels like,JVKE,115,51,59,-6,36,3:16,65,Pop,relaxed,https://lh3.googleusercontent.com/u/0/d/1vGEhYeeTZiccLSNlfwN8q7Pha8RZ6Bk4
608,this is what autumn feels like,JVKE,79,44,24,-7,16,3:40,91,Pop,sad,https://lh3.googleusercontent.com/u/0/d/1KeZY8IO14GbgYKKvAIynGFXaHgKvGh3q
609,her (feat. Annika Wells),JVKE,144,56,47,-5,42,2:48,92,Pop,relaxed,https://lh3.googleusercontent.com/u/0/d/1KF44wnqHdTNFs4Ny16HS4Xo32r-7kVUL
610,Someone To Stay,Vancouver Sleep Clinic,109,47,44,-7,24,4:12,59,Pop Indie,sad,https://lh3.googleusercontent.com/u/0/d/1cpYyGyPGXJva5Hb7TC-xoxcdsyuxczJQ
611,Somewhere Only We Know,Keane,172,67,45,-4,30,3:56,6,Rock,sad,https://lh3.googleusercontent.com/u/0/d/1sfcauR_9195aiQPIJMVeHrtkv3OKKyC3
612,Die On This Hill,SIENNA SPIRO,82,43,52,-5,25,3:37,76,Pop Indo,sad,https://lh3.googleusercontent.com/u/0/d/1d1Hv-3tp9bUaBHMw7KtNdExUzYnTSJjk
613,Stuck with U (with Justin Bieber),Ariana Grande,179,45,60,-7,54,3:48,22,Pop,relaxed,https://lh3.googleusercontent.com/u/0/d/1Gy7h_kXe6zh_NHaevvDwYdhQ5hL9PB6l
614,It's You,Ali Gatie,96,46,73,-7,40,3:32,37,R&B,relaxed,https://lh3.googleusercontent.com/u/0/d/105VZ9G1pd7bzpu5LDMlVkF0LPLvcdgeX
615,Imagination,Shawn Mendes,90,46,64,-6,33,3:37,7,Pop,sad,https://lh3.googleusercontent.com/u/0/d/1MfBkZWrjHZRkdmuNWox63lOQ9TuHhLuW
616,Empty Space,James Arthur,165,52,55,-5,34,3:34,22,Pop,sad,https://lh3.googleusercontent.com/u/0/d/1FA5DfU5KYhxs5J6eAnNBo09nND7SCl0E
617,Fearless (Taylor’s Version),Taylor Swift,100,74,57,-5,43,4:04,1,Pop,happy,https://lh3.googleusercontent.com/u/0/d/1H6t46mEBJ4pvDwM-IwnlfTmjEBfbmg3J
618,my tears ricochet,Taylor Swift,130,26,47,-11,11,4:16,81,Pop,sad,https://lh3.googleusercontent.com/u/0/d/1Z_1Qfg56Rnftw-Xi5XfO_7U1UVwXM_N3
619,All I Want,Olivia Rodrigo,78,43,38,-7,13,2:54,9,Rock,relaxed,https://lh3.googleusercontent.com/u/0/d/1YB36I8n9zoiEmbd_d4e458ZugRlbrO3k
620,"I Love You, I'm Sorry",Gracie Abrams,116,41,53,-8,34,2:40,66,Pop Indie,sad,https://lh3.googleusercontent.com/u/0/d/1PKqZ37k7_M8RgHuQ-D6L59sF10Y6oX1B
621,mirrorball,Taylor Swift,110,41,55,-10,38,3:29,69,Pop,sad,https://lh3.googleusercontent.com/u/0/d/122QjWNmDrfxuRK1o5abZibs-zxGS8cC1
622,One Last Time,Ariana Grande,125,59,63,-5,10,3:18,9,Pop,sad,https://lh3.googleusercontent.com/u/0/d/1CZqKjqg4qHFUPiyhkpo9hLuKgkks7p2-
623,Love Me Like You,Little Mix,106,63,78,-5,82,3:19,21,Pop,happy,https://lh3.googleusercontent.com/u/0/d/17Sf2jm7GFdQpa8jM90_oUsTbSRHUfAMa
624,Hall of Fame (feat. will.i.am),The Script,85,87,42,-4,63,3:22,7,Rock,happy,https://lh3.googleusercontent.com/u/0/d/1tGDARLNNBacv3gdIP2slN4ocItjscx16
625,Breakeven,The Script,94,70,63,-5,49,4:23,14,Rock,angry,https://lh3.googleusercontent.com/u/0/d/15Uib7f0H3U715aMvCFULKjVOJ_WIlY9z
626,Superheroes,The Script,167,89,49,-4,64,4:05,0,Rock,happy,https://lh3.googleusercontent.com/u/0/d/1pekD5PbTK45V5VaMi7u7FNTMWKKVvIe9
627,mejikuhibiniu,Tenxi,132,71,82,-6,23,3:16,47,Pop,happy,https://lh3.googleusercontent.com/u/0/d/1MzUjoxQSNWPyg9TlAOK2WfCgSGiR1GG8
628,Garam & Madu (Sakit Dadaku),Tenxi,125,75,94,-6,47,3:08,37,Pop,happy,https://lh3.googleusercontent.com/u/0/d/106MmMTMvo6SZ96qMuIC_bPnbnKrjcD6F
629,Kasih Aba Aba,Naykilla,115,54,96,-6,69,2:58,30,Pop Indo,happy,https://lh3.googleusercontent.com/u/0/d/1mKMTN99lhDwCsyKJTLUdJ9ayzDSFPX82
630,Bintang 5,Tenxi,138,46,61,-6,49,4:19,52,Pop,relaxed,https://lh3.googleusercontent.com/u/0/d/1hFZDAygTZ17Xzyz_k2eDfcr1193qDsoO
631,SENCY,dia,146,52,92,-7,77,2:33,33,Pop Indo,relaxed,https://lh3.googleusercontent.com/u/0/d/10BxlJGCfhi0Z7I40Yk-HhEcAtQLKHTR5
632,SO ASU,Naykilla,140,55,91,-6,77,3:02,37,Pop Indo,happy,https://lh3.googleusercontent.com/u/0/d/1m0bTKpOdL5aL4bEReFKml49nX8AQw6AV
633,Send My Love (To Your New Lover),Adele,164,53,69,-8,57,3:45,4,Pop,sad,https://lh3.googleusercontent.com/u/0/d/13nLoGgXgoVuabNCB-LTTa8bbpQ6cqJM4
634,Someone Like You,Adele,135,32,56,-8,29,4:45,89,Pop,sad,https://lh3.googleusercontent.com/u/0/d/1R-GChiwAkUwAnQ3rBLVDNWAuvs2rIU-z
635,Love In The Dark,Adele,110,34,33,-6,15,4:45,53,Pop,sad,https://lh3.googleusercontent.com/u/0/d/1L0IaUyCQuQoX-DDIb_A9AcBbkQyEpkrq
636,Easy On Me,Adele,142,37,60,-8,13,3:45,58,Pop,sad,https://lh3.googleusercontent.com/u/0/d/1Cxs_QDLAA29uKrSCI27YCSxm_hCmH92Q
637,Set Fire to the Rain,Adele,108,67,60,-4,45,4:01,0,Pop,angry,https://lh3.googleusercontent.com/u/0/d/1VRjDi_mXuUX2AL3TbZhpVy9fewm4re9R
638,Skyfall,Adele,76,55,35,-7,8,4:49,42,Pop,sad,https://lh3.googleusercontent.com/u/0/d/13XhEMWQVIVGdgwHkT-LWPJBQfw6liRdT
639,Last Friday Night (T.G.I.F.),Katy Perry,126,81,65,-4,73,3:50,0,Pop,happy,https://lh3.googleusercontent.com/u/0/d/1IkP6Jv0hmWTrtIznIEP-BER5LNibarA6
640,Hot N Cold,Katy Perry,132,84,71,-4,86,3:40,0,Pop,angry,https://lh3.googleusercontent.com/u/0/d/1OO23T6TDyDu22dgmrTahfHnMnBSc4aP4
641,Dark Horse,Katy Perry,132,59,65,-6,35,3:35,0,Pop,sad,https://lh3.googleusercontent.com/u/0/d/1PUJpYfQEB7sELcptpxSWT8tZ6JvhEQZn
642,Payphone,Maroon 5,110,75,74,-5,55,3:45,2,Rock,angry,https://lh3.googleusercontent.com/u/0/d/1xkb7JTqVDl_-jR_-HcXNddjtXpca07kD
643,"Feels (feat. Pharrell Williams, Katy Perry & Big Sean)",Calvin Harris,101,75,89,-3,87,3:42,6,Electronic,happy,https://lh3.googleusercontent.com/u/0/d/1566GNpk0QLzGQuYg3WhkV298hfvgI8Wm
644,Locked Away (feat. Adam Levine),R. City,118,67,51,-6,55,3:46,30,Reggae,relaxed,https://lh3.googleusercontent.com/u/0/d/16kH6K5th6hrOsYgSn9QSGV2qERp9TuH3
645,Animals,Maroon 5,190,74,28,-6,33,3:49,0,Rock,sad,https://lh3.googleusercontent.com/u/0/d/1QqLB_zPZakMv-NqngOjAtxfHfU-F1LbL
646,Cigarettes,Maroon 5,165,69,59,-6,50,2:24,4,Rock,angry,https://lh3.googleusercontent.com/u/0/d/1YZrnvvoqHrCk5wHJ4PEqmKfgIkHz4j_p
647,Closer (with Marshmello),Maroon 5,125,87,71,-4,50,2:35,1,Rock,happy,https://lh3.googleusercontent.com/u/0/d/1uu1yJQ7xbdF0Nv78ts40Z5DexyA1Ci8t
648,Side To Side,Ariana Grande,159,74,65,-6,61,3:46,5,Pop,happy,https://lh3.googleusercontent.com/u/0/d/16jLpMk5C6u8ZBcHAyuiRZsaTlluMUzS0
649,Atlantis,Seafret,166,48,40,-8,21,3:48,5,Pop Indie,relaxed,https://lh3.googleusercontent.com/u/0/d/1kQ6pO9w9Z7Qn3KYrEsgYOrusC91VGLTo
650,Forever Young,Alphaville,137,48,49,-9,33,3:47,42,Pop,relaxed,https://lh3.googleusercontent.com/u/0/d/1bAJobAH5n8Okfo9-vUKGSdFK_CN6-9HT
651,Sweater Weather,The Neighbourhood,124,81,61,-3,40,4:00,5,Rock,happy,https://lh3.googleusercontent.com/u/0/d/1AWFUYZsBG1Lu7Y7JZyvA9_8OnwzwS3tk
652,Wonderwall - Remastered,Oasis,174,90,38,-4,47,4:18,0,Rock,happy,https://lh3.googleusercontent.com/u/0/d/16OFY7sLPWVzFegX3VbV6KeTDtcEsxFL8
653,Those Eyes,New West,120,35,59,-8,25,3:40,71,Pop Indo,relaxed,https://lh3.googleusercontent.com/u/0/d/1aYyL9MpSXEVZrXRPxVYrMRhlRNlwQLtt
654,Mind Over Matter,Young the Giant,155,76,47,-4,29,4:04,0,Rock,angry,https://lh3.googleusercontent.com/u/0/d/1X-68cg2DPt-gZQXJ8BuenRFFjJU9pkVP
655,Dusk Till Dawn (feat. Sia) - Radio Edit,ZAYN,180,44,26,-7,10,3:59,10,R&B,sad,https://lh3.googleusercontent.com/u/0/d/1oby9_OcgbxAEh8q1_seAlIzyi5De7i4Z
656,Anchor,Novo Amor,117,41,46,-11,13,4:16,81,Pop Indie,sad,https://lh3.googleusercontent.com/u/0/d/1hybpYyLn2DOuaTMFsb_bqGTjWwCUA3iV
657,I Love You So,The Walters,76,65,57,-5,47,2:40,58,Pop Indie,relaxed,https://lh3.googleusercontent.com/u/0/d/1_9JauI5YD2Uu8QDDhBnpT-eTqfMCsRuC
658,SNAP,Rosa Linn,170,64,56,-8,53,3:09,11,Pop,sad,https://lh3.googleusercontent.com/u/0/d/1yNO1t-41wdbicxwiEkVW3JlN_HPEucwJ
659,Let Her Go,Passenger,76,54,45,-7,22,4:15,36,Folk,sad,https://lh3.googleusercontent.com/u/0/d/1Caerh4Mq8hcKcob7swB74nqjcJcBIwxF
660,State Lines,Novo Amor,137,31,51,-11,15,3:25,96,Pop Indie,sad,https://lh3.googleusercontent.com/u/0/d/1Lu1GysYXMCsAgCdKPDEd2PdE9XnF-47A
661,Riptide,Vance Joy,102,73,48,-7,48,3:24,44,Pop Indie,relaxed,https://lh3.googleusercontent.com/u/0/d/1IS11HgSkcBHrD7dFPrp1dmani4oqhPsl
662,Coastline,Hollow Coves,100,50,67,-11,43,3:54,63,Pop Indie,relaxed,https://lh3.googleusercontent.com/u/0/d/1xTa0U_IMQrwKSCaCObj5cw8lGTFu6swG
663,Stereo Love,Edward Maya,127,78,78,-5,36,4:09,3,Electronic,happy,https://lh3.googleusercontent.com/u/0/d/1ex32snBlaS4aMxY4T9oe9DsjAlrxVWYZ
664,On The Floor,Jennifer Lopez,130,78,73,-5,57,4:44,11,Pop,happy,https://lh3.googleusercontent.com/u/0/d/1m0WLAJJAGnQzrIsiKSLBFJ_OFTL1n45_
665,Castle on the Hill,Ed Sheeran,135,83,46,-5,47,4:22,2,Pop,happy,https://lh3.googleusercontent.com/u/0/d/1Xt_ldtbiL2In-UyiZfoTcfv6ohA8V9Uw
666,The Only Exception,Paramore,138,56,45,-7,21,4:27,14,Rock,relaxed,https://lh3.googleusercontent.com/u/0/d/13pNUbNk-5l6u0hXgfijSqsRSWe-dac4b
667,Sanctuary,Joji,168,64,55,-7,33,3:01,39,R&B,sad,https://lh3.googleusercontent.com/u/0/d/1V4-hMayWQBm2qkfIBZxLUjvBxKEyipgV
668,Glimpse of Us,Joji,170,29,44,-10,27,3:53,90,R&B,sad,https://lh3.googleusercontent.com/u/0/d/1-M82ya4VElqdWiwKrl8cFT_ipmMpzjrM
669,Somebody Else,The 1975,101,79,62,-6,46,5:47,20,Pop Indie,angry,https://lh3.googleusercontent.com/u/0/d/1AkR4CKNWZi2UhDDNppqlQFrnsf2UmHN9
670,Sembilu,Ella,114,54,58,-10,13,5:20,54,Pop,sad,https://lh3.googleusercontent.com/u/0/d/1Ut6RihJ-YJTAzFMjA-m9Gm9wiDO8rDV2
671,Tertawan Hati,Awdella,128,43,32,-6,24,4:00,66,Pop Indo,relaxed,https://lh3.googleusercontent.com/u/0/d/1IzXAVtLFi5tvMX9Xc2lrg4-bj3SSWIcZ
672,Klebus,Denny Caknan,124,57,46,-5,26,5:01,26,Pop Jawa,sad,https://lh3.googleusercontent.com/u/0/d/1yvsTtvq9AptU0u20cArds5nSw4nUBEal
673,Teteg Ati,Denny Caknan,125,64,40,-5,31,7:00,25,Pop Jawa,relaxed,https://lh3.googleusercontent.com/u/0/d/1IgRY1XAyLLLzmeyl5FJ3FoZ3TZ8XpUwO
674,Kukira Kau Rumah,Amigdala,90,28,64,-15,60,3:26,94,Pop Indo,sad,https://lh3.googleusercontent.com/u/0/d/1YHFCoTWgMaF8-YfqB0cu2-UI5rVIpOxQ
675,Terpikat Senyummu,Idgitaf,77,44,61,-8,47,3:07,81,Pop Indo,relaxed,https://lh3.googleusercontent.com/u/0/d/1PVsAB_YBsnjQ1h02g0WZi2wvmlB1Jvc9
676,Sedia Aku Sebelum Hujan,Idgitaf,144,65,54,-5,61,3:53,42,Pop Indo,relaxed,https://lh3.googleusercontent.com/u/0/d/14ZKsfW5nc71Nu50ITtkoam3Wxz1pheXp
677,Hujan,Utopia,145,81,65,-7,64,3:56,9,Rock,happy,https://lh3.googleusercontent.com/u/0/d/179MvkOjFFpUfr6QmVNsBCUaehmmeQnR9
678,8 Letters,Why Don't We,89,48,61,-6,26,3:12,65,Pop,relaxed,https://lh3.googleusercontent.com/u/0/d/1Jrbk45kLL2iRvEUmFU-KpyDQRH89OY55
679,Intel Inside,Dethron,122,87,44,-3,10,3:42,0,Pop Indo,happy,https://lh3.googleusercontent.com/u/0/d/12Bs-iKfMAJ-pDNApiwrtvUMV-bokr5W7
680,Somebody To You,The Vamps,172,82,53,-6,90,3:05,6,Rock,happy,https://lh3.googleusercontent.com/u/0/d/1JB7ttCbNLaHF3ozzoWJQxnZrFomEj2xn
681,Patience,Take That,176,78,31,-4,37,3:23,14,Pop,relaxed,https://lh3.googleusercontent.com/u/0/d/1gDBBt4Wa62sHnHMaoFEvnZEHBJ2z9HWi
682,Best Day Of My Life,American Authors,100,90,67,-2,54,3:15,6,Pop Indie,happy,https://lh3.googleusercontent.com/u/0/d/1N2ZUnO6ELRjwvW8NGRnHOoh53yvABvk0
683,Attention,Charlie Puth,100,61,78,-5,80,3:32,11,Pop,angry,https://lh3.googleusercontent.com/u/0/d/1qKpAgCgNzjQ2rZBeZqHpbjq_HcPszMLq
684,See You Again (feat. Charlie Puth),Wiz Khalifa,80,48,69,-8,28,3:49,37,Hip-Hop,sad,https://lh3.googleusercontent.com/u/0/d/1gBt4g8qPcMAM3KA7GuqfiujRjRph3l8h
685,One Call Away,Charlie Puth,91,61,67,-5,47,3:12,40,Pop,relaxed,https://lh3.googleusercontent.com/u/0/d/10MEKfe2nsrsCCP9UgvvNoDwL94bi6Oez
686,Cheating on You,Charlie Puth,123,54,75,-7,60,3:16,1,Pop,sad,https://lh3.googleusercontent.com/u/0/d/1uqMYJDte21vBwRfSAgAS64lAV-j5Sc_C
687,Merindukanmu,D’MASIV,84,40,45,-7,9,4:25,27,Rock,sad,https://lh3.googleusercontent.com/u/0/d/1tgn5DcBK_ajq_RuBwMlC9IS1HMIA9ZZd
688,Karena Kamu,Geisha,124,71,61,-6,71,4:00,17,Rock,happy,https://lh3.googleusercontent.com/u/0/d/1hixljt176wJnfhb_wSfdBQYh8ckrnJol
689,Usik,Feby Putri,182,44,21,-11,9,5:11,78,Pop Indo,sad,https://lh3.googleusercontent.com/u/0/d/1SUPqqSuTsrZOgr30Bb_BUm8vjMNq8KyJ
690,Muak,Aruma,83,32,27,-11,19,4:23,77,Pop Indo,sad,https://lh3.googleusercontent.com/u/0/d/1ugO4USpfMpbFZHO1qWULKFtqd0YWvwKB
691,Halu,Feby Putri,87,25,26,-15,10,4:25,87,Pop Indo,sad,https://lh3.googleusercontent.com/u/0/d/1lSj8hjesQ5w8f2iezDFEztynstDohAYU
692,Runtuh,Feby Putri,128,29,59,-13,19,3:44,88,Pop Indo,sad,https://lh3.googleusercontent.com/u/0/d/1YrMFycCrOY_XykZA5LyqklCMGm1kCH6K
693,Walau Berantakan - Special Live Session,Prince Husein,97,28,61,-10,32,3:37,77,Pop,sad,https://lh3.googleusercontent.com/u/0/d/1CzXA3dgdqCkraB57Fcqf05DUuh3eQPeb
694,Sewindu,Tulus,92,49,62,-10,48,3:58,84,Jazz,relaxed,https://lh3.googleusercontent.com/u/0/d/1mUCy1zc8_HT7zSfRuNSqRlQ1b4EJ2txV
695,Rasah Nyangkem,Ndarboy Genk,130,77,68,-6,67,4:48,36,Pop Jawa,angry,https://lh3.googleusercontent.com/u/0/d/1LY64fw2TkBOCV0-F41qSWmrT6zghBNLG
696,Rasah Nyangkem 2,Eny Sagita,120,61,77,-5,78,4:48,57,Dangdut,sad,https://lh3.googleusercontent.com/u/0/d/1bINoSqDsoFZuY0osWQnk9dz5cQXEuJ3y
697,Berisik,Dere,92,34,76,-11,43,3:29,72,Pop Indo,sad,https://lh3.googleusercontent.com/u/0/d/12YeBIpBwstSnsHcVy_jlzHVLcBDOwp8v
698,"Bernaung - From ""Setetes Embun Cinta Niyala""",Feby Putri,97,25,34,-13,33,3:18,96,Pop Indo,relaxed,https://lh3.googleusercontent.com/u/0/d/18CCThWecZN2GGQ8VAvZOFbRt8N2VDSA8
699,1000X,Ghea Indrawari,105,63,63,-8,36,4:10,60,Pop,happy,https://lh3.googleusercontent.com/u/0/d/1Im0nF7Hg194MaMiilaG7TBEIK1El-Ori
700,Januari,Glenn Fredly,122,61,59,-7,28,3:52,0,R&B,sad,https://lh3.googleusercontent.com/u/0/d/1HaUxuxLpL3VdIOLHHlS-zkUjrUH7pcID
701,Kasih Putih,Yovie Widianto,124,30,44,-12,24,3:57,82,Pop,relaxed,https://lh3.googleusercontent.com/u/0/d/1rJJCSrUFFx3jteV9hr9AnxIqhcVa3WmN
702,Atas Nama Cinta,Rossa,91,40,35,-7,14,4:03,87,Pop,sad,https://lh3.googleusercontent.com/u/0/d/1sZDP2N3WtjBJkVIanGXuGGE-91eEsrPi
703,Peak of Love,Aldi Haqq,74,25,55,-12,30,4:02,31,Pop Indo,relaxed,https://lh3.googleusercontent.com/u/0/d/1QVqA0vs0A3GY40YRwHfnk_jICOlql8_v
704,cool enough for you,Skyline,75,54,37,-6,21,3:21,29,Pop Indo,sad,https://lh3.googleusercontent.com/u/0/d/1aPgh2okdVgYxvnqxZQs0evpjY9RnfieO
705,Bunga Maaf,The Lantis,158,53,47,-7,30,4:12,79,Pop,sad,https://lh3.googleusercontent.com/u/0/d/1vtbe9yevuxp0U6w3PlsQe9LFb2eyhfbq
706,A Sorrowful Reunion,Reality Club,108,26,53,-12,21,4:19,95,Pop Indo,sad,https://lh3.googleusercontent.com/u/0/d/1XHf0og4fuln558Zc3aPNo97ByEZU4YUE
707,Ruang Baru,Barsena Bestandhi,105,16,47,-10,30,3:58,96,Pop Indo,relaxed,https://lh3.googleusercontent.com/u/0/d/1MqEoO0YKtSjU8x8ev14REtg9oflM1bGb
708,Di Ambang Karam,Amigdala,100,40,59,-13,28,4:34,93,Pop Indo,sad,https://lh3.googleusercontent.com/u/0/d/1ZK0UD8bV2KolEPRrllY2z2i5QjrUXpfe
709,Waking Up Together With You,Ardhito Pramono,176,66,38,-7,45,2:58,23,Jazz,relaxed,https://lh3.googleusercontent.com/u/0/d/1nAYDrr9FI9QAmz4-gW-TVf_w7Dk9DvUi
710,Lihat Kebunku (Taman Bunga),Aku Jeje,118,27,49,-12,39,3:14,82,Pop Indo,sad,https://lh3.googleusercontent.com/u/0/d/1F0TigCHL2I0nFEPsWPwLdfTOxdtNmKyH
711,Rehat,Kunto Aji,70,25,32,-13,7,5:53,85,Pop Indo,relaxed,https://lh3.googleusercontent.com/u/0/d/1329sQmGFbzgwRC3gQ-nHJ_GGlUy41cMe
712,Mata Air,Hindia,108,93,68,-5,61,3:46,1,Pop Indo,happy,https://lh3.googleusercontent.com/u/0/d/1jB6rLmChYSMrCaSuuZfJB_2jX94fH0sC
713,Self Aware,Temper City,162,64,61,-4,40,3:00,17,Pop Indo,relaxed,https://lh3.googleusercontent.com/u/0/d/1v98LTtiShF_g2upY9vtANOM6a0N2ZKH6
714,Voor Dilan #III: Dulu Kita Masih Remaja - 2018 Remaster,The Panasdalam Bank,88,57,48,-10,13,3:13,45,Hip-Hop,relaxed,https://lh3.googleusercontent.com/u/0/d/1_KFwD-mGRas07V3mqeRJqDD0fmeAI1hZ
715,Cinta Luar Biasa,Andmesh,136,24,59,-12,31,4:15,83,Pop,relaxed,https://lh3.googleusercontent.com/u/0/d/1eOYUDVXv-puLvNnBdVhVbcIvpE48yQQH
716,Anugerah Terindah,Andmesh,110,34,59,-8,21,4:42,75,Pop,relaxed,https://lh3.googleusercontent.com/u/0/d/10aejy1l63a7n12s7YYFoUTwzGuBP6L8H
717,Andaikan Kau Datang,Andmesh,85,13,32,-13,32,4:19,94,Pop,sad,https://lh3.googleusercontent.com/u/0/d/1Zk51AD-bN3-gGsoC5MAGpW94kAFGkEIo
718,Segalanya Itu Kamu,David Bayu,146,41,63,-8,49,3:55,34,Rock,relaxed,https://lh3.googleusercontent.com/u/0/d/1L1BA1l9g6_mwy_NQP3AJPUsdzNkf1ffI
719,Lampu Merah,The Lantis,115,71,62,-6,51,4:51,7,Pop,happy,https://lh3.googleusercontent.com/u/0/d/1oTiTTBHhsd24XexMy7rs5Fs8Ved1c_0o
720,Halo Jakarta,The Lantis,130,91,55,-6,60,4:29,4,Pop,happy,https://lh3.googleusercontent.com/u/0/d/1YRlkbG7c_6MZZcKZqH-SczFHN4XNlp9V
721,Tunggu Apa Lagi,Paul Aro,125,65,66,-4,54,3:39,51,Pop,relaxed,https://lh3.googleusercontent.com/u/0/d/1YCYGPnQuT6hH-GAV8wxCA277bESj6409
722,Tak Ada Yang Sepertimu,Rony Parulian,176,71,51,-5,84,3:12,16,Pop Indo,relaxed,https://lh3.googleusercontent.com/u/0/d/1oiNS-QWoD5XEJw3hYfevDzuT3WI1CNuA
723,Terlalu Cinta,Yovie Widianto,119,47,36,-7,40,4:19,84,Pop,relaxed,https://lh3.googleusercontent.com/u/0/d/1FwW7s2rWNXnJVvi60K-fo8KcXzZXgqtE
724,THANK YOU 4 LOVIN' ME,Paul Partohap,83,22,62,-11,22,4:29,78,Pop Indo,relaxed,https://lh3.googleusercontent.com/u/0/d/1qt84QlvZ9FK0hlaiiIOPPd56lyKLsLse
725,BEAUTiFUL,Paul Partohap,120,39,52,-8,20,3:31,14,Pop Indo,relaxed,https://lh3.googleusercontent.com/u/0/d/1BuoLcKBILNrN5DZrZAlcfUMuRrX3Rjlv
726,Terpukau,Astrid,130,23,51,-15,15,4:13,36,Pop,sad,https://lh3.googleusercontent.com/u/0/d/1pCitSQ0KgV6R19vgMKQXHokPNCyRclH9
727,Mendua,Astrid,136,40,50,-5,27,4:10,19,Pop,sad,https://lh3.googleusercontent.com/u/0/d/19CmQoWVHvnHlZ5CCjE_8T09Q3MYBzYl1
728,Lumpuhkan Ingatanku,Geisha,124,33,56,-7,22,4:19,84,Rock,sad,https://lh3.googleusercontent.com/u/0/d/1GYg-RYYidxjn1IUBCvwgCOlMh3cPOLyG
729,Seberapa Pantas,Sheila On 7,163,89,43,-6,64,4:07,7,Rock,angry,https://lh3.googleusercontent.com/u/0/d/1oCq-33deizHEyt6hVssiHEN1kGfgdks-
730,Cari Pacar Lagi,ST12,118,63,69,-5,92,3:34,30,Pop Melayu,relaxed,https://lh3.googleusercontent.com/u/0/d/183UWSdxM4oe4ussrFPKtojBt1IKqbsZ6
731,Lelaki Cadangan,T2,112,76,75,-6,51,4:50,39,Pop,happy,https://lh3.googleusercontent.com/u/0/d/1Iimtw4F-yEBlVWtIci_R23bPEbyEbCIU
732,Sempurna,Andra & The Backbone,115,32,36,-10,38,4:26,73,Rock,relaxed,https://lh3.googleusercontent.com/u/0/d/16lWnAYKczLgqmHc8NwGVrHXJsRja14I5
733,Sempurnanya Aku,NPD,114,84,73,-4,85,3:49,16,Pop Indo,happy,https://lh3.googleusercontent.com/u/0/d/1oL5j7rwsAbc4OkQPZVNrQPw8xUM-L9vX
734,bergema sampai selamanya,Nadhif Basalamah,160,51,26,-6,21,3:18,76,R&B,relaxed,https://lh3.googleusercontent.com/u/0/d/1aQZ1-rvmJbfQn2mtSoKQDRVK1xj4wRSH
735,Kasih Tak Sampai,Padi,72,21,28,-14,15,4:53,96,Rock,sad,https://lh3.googleusercontent.com/u/0/d/1fjw7lH77bWJNF1A7G0J-dPNML1CvtGSq
736,Kepada Noor,Panji Sakti,130,23,66,-8,37,4:09,87,Pop,sad,https://lh3.googleusercontent.com/u/0/d/1iajPa_ngP-Jv0AFmgOQHcrtSvWbibpAU
737,Jiwaku Sekuntum Bunga Kemboja,Panji Sakti,146,37,36,-8,35,3:50,91,Pop,sad,https://lh3.googleusercontent.com/u/0/d/1oE83gZbo_DVG-UX5k-oSsgo45kbcJuVP
738,Bunga Abadi,Rio Clappy,79,41,37,-9,26,4:43,45,Pop,sad,https://lh3.googleusercontent.com/u/0/d/1OYI4RQbIFVPsXRomkOWzbMPGnZDkDfbZ
739,Resah,Payung Teduh,136,29,42,-9,36,4:00,90,Keroncong,sad,https://lh3.googleusercontent.com/u/0/d/1nBDuEq_bvia0JPMb96pWefEML1zvXvMC
740,Hilmira,Dhika Fawaz,65,7,65,-19,16,5:02,98,Pop Indo,sad,https://lh3.googleusercontent.com/u/0/d/1vKh2BCve9GUVWP1BpnIGAUton6c-j2aG
741,Lalu Biru,Eleanor Whisper,140,55,39,-8,9,5:24,1,Pop Indo,sad,https://lh3.googleusercontent.com/u/0/d/10snZepl3Y139YxjqoOVM-_wyuHysy2Dk
742,Berdua Lebih Baik,Acha Septriasa,152,66,59,-7,70,3:41,35,Pop,relaxed,https://lh3.googleusercontent.com/u/0/d/18Fy23J0fnhXh4mbVMWk-rKaFZOdjR-d1
743,Pencinta Wanita,Irwansyah,112,65,76,-7,64,4:12,14,Pop,happy,https://lh3.googleusercontent.com/u/0/d/1nZwW6dVd1jWsKvDu4ZDQAGCPAS5uzAen
744,Sampai Menutup Mata,Acha Septriasa,176,13,29,-13,16,3:48,89,Pop,sad,https://lh3.googleusercontent.com/u/0/d/1vnM1opA5S2Dccf8NH1EDHPg79NavrVAd
745,Kekasih Bayangan,Cakra Khan,148,33,45,-7,34,4:39,72,R&B,sad,https://lh3.googleusercontent.com/u/0/d/1Jm55dm77Uq8nVhbsVNsyIKCZhPYpKf87
746,Cinta Terakhir,Ari Lasso,204,55,34,-6,31,4:00,13,Pop,relaxed,https://lh3.googleusercontent.com/u/0/d/1AZlbJuczMVCn5rKtclKbp0cpPp6wq_tC
747,Serpihan Hati,Utopia,140,50,47,-8,24,4:02,23,Rock,sad,https://lh3.googleusercontent.com/u/0/d/1syHTN9EpYL58qKgv2ob6KNWDj0LU1XWd
748,Antara Ada dan Tiada,Utopia,83,71,50,-6,25,4:02,7,Rock,sad,https://lh3.googleusercontent.com/u/0/d/1QLq5UIwN7rtC1yNQP0GD9zHxTTDCAAsc
749,Rapsodi,JKT48,145,59,60,-7,49,4:11,56,International Pop,relaxed,https://lh3.googleusercontent.com/u/0/d/1xi26o5jqRcTnhTwek51Eixj9P8c8e-Ml
750,Perahu Kertas,Maudy Ayunda,77,37,37,-8,17,3:54,41,Pop,relaxed,https://lh3.googleusercontent.com/u/0/d/1Qo-Tex2EdrqJELURaYb2GkH5peYEHLMr
751,Tiba-Tiba Cinta Datang,Maudy Ayunda,95,68,74,-5,88,4:01,65,Pop,relaxed,https://lh3.googleusercontent.com/u/0/d/1NHf_ZQC90lYMPGu49Gxglq7v9n44c9Bb
752,Bersamamu,Vierra,141,24,44,-9,38,4:12,96,Rock,relaxed,https://lh3.googleusercontent.com/u/0/d/1_H1QI3SLhqod0VL6TJDJkIGDZCc07S6L
753,Seandainya,Vierra,94,83,25,-5,48,4:23,8,Rock,relaxed,https://lh3.googleusercontent.com/u/0/d/1T6k-V1wrokMSaHEtEzM5M6bEWB1Q7u72
754,Manusia Bodoh,Ada Band,160,64,52,-7,25,4:17,37,Pop,sad,https://lh3.googleusercontent.com/u/0/d/1L0v0o1qSas1HxMsqJsybrslO3kij-7cD
755,Jaga Slalu Hatimu,Seventeen,135,66,47,-4,26,4:46,51,Rock,relaxed,https://lh3.googleusercontent.com/u/0/d/1cplvpGYuToDr3FsElM0w4ALKc3VCe7Pl
756,Rumah Kita,God Bless,79,63,37,-7,14,4:48,4,Rock,relaxed,https://lh3.googleusercontent.com/u/0/d/1SmyMz19GHR-P_uRQKW3CkGO1cqzoHpPD
757,Tuhan Sebut Sia-Sia,Amigdala,77,35,60,-11,11,5:17,94,Pop Indo,sad,https://lh3.googleusercontent.com/u/0/d/1VyS-KYFW23tthWWT8l5zEmlUh9RZe_Yv
758,Tunjukkan Cintamu,Nosstress,175,14,56,-11,34,2:36,95,Pop,sad,https://lh3.googleusercontent.com/u/0/d/1T_16u_6q8tdMZcp8uYk-4ei5ajFup1nL
759,Tanpa Rasa Bersalah,Fabio Asher,120,30,61,-12,21,4:35,73,Pop,sad,https://lh3.googleusercontent.com/u/0/d/1u4CTaaIxXRmbjIX_LYrv4M6foRXXcfQG
760,Rumah Singgah,Fabio Asher,78,23,42,-11,37,4:10,72,Pop,sad,https://lh3.googleusercontent.com/u/0/d/13jytNL-KXEiawp8J1W-l5ajHozJlHesi
761,Bertahan Terluka,Fabio Asher,78,35,33,-10,14,4:00,50,Pop,sad,https://lh3.googleusercontent.com/u/0/d/1FXNOHIx_IquAZX2yk_KcsPK_h5988inC
762,Berharap Kau Kembali,Fabio Asher,126,27,51,-9,34,4:18,90,Pop,sad,https://lh3.googleusercontent.com/u/0/d/1hBJPJRC5QYKKKSZJr4XtFx-LpzxP_hKj
763,Andai Aku Bisa,Chrisye,77,31,45,-8,16,4:39,57,Pop,sad,https://lh3.googleusercontent.com/u/0/d/1FGTSwoW08fww_s5lFz76E91k3VTSaihZ
764,Sembuh Kembali,Shabrina Leanor,62,32,25,-7,17,4:36,95,Pop,sad,https://lh3.googleusercontent.com/u/0/d/1_aSi-Dh1LDzYWg7zCF4KjUuS-_jh0vHE
765,Pancarona,Barasuara,90,90,49,-6,27,4:21,0,Rock,sad,https://lh3.googleusercontent.com/u/0/d/15iWXa8LkbY2NECLwLmzEeR_iqQom3vLH
766,Kamu,Coboy Junior,124,83,71,-5,56,3:56,14,Pop,happy,https://lh3.googleusercontent.com/u/0/d/18omTvYYtGAjzRAnCD2KgBg2MoqRH4E_1
767,Lomba Sihir!,Lomba Sihir,126,85,68,-5,83,4:15,1,Pop Indie,happy,https://lh3.googleusercontent.com/u/0/d/1mW5Lvk-UydQI8KDjZhxqt6T4-BLD2ByE
768,The Cut That Always Bleeds,Conan Gray,136,41,49,-6,25,4:03,59,Pop,sad,https://lh3.googleusercontent.com/u/0/d/1-Fn9w900KYPA0Nf4ObbulQsw_x-2hT-I
769,Line Without a Hook,Ricky Montgomery,190,65,43,-5,51,4:09,26,Pop Indie,sad,https://lh3.googleusercontent.com/u/0/d/1T7-pf_jd7FVnojHRIB-ziePla8KptKUK
770,Reckless,Madison Beer,180,43,39,-7,26,3:22,81,Pop,sad,https://lh3.googleusercontent.com/u/0/d/1pa7hBj_OSCVRfakDsKsrquolWKvtFEPQ
771,Happiness,Rex Orange County,105,24,40,-10,20,4:39,73,Pop Indie,relaxed,https://lh3.googleusercontent.com/u/0/d/1Clq7gF1vu9J3iiyKu3Vn4gLFWvoF3-uO
772,This December,Ricky Montgomery,140,87,66,-5,89,3:02,3,Pop Indie,happy,https://lh3.googleusercontent.com/u/0/d/1P-DkJtc_zuMOn2XGpRBi_KC6ofhxTwFa
773,December,Neck Deep,145,44,54,-8,47,3:38,63,Rock,sad,https://lh3.googleusercontent.com/u/0/d/1jNXcsfqFYwOZ9VqBo3d4b1hJTB9PQkhw
774,Multo,Cup of Joe,208,56,47,-8,44,3:57,43,Pop Indie,sad,https://lh3.googleusercontent.com/u/0/d/1_3e8kzl-ZWtJdhYu7knAIu4HcBTdnac4
775,Wish You Were Here,Neck Deep,160,50,53,-6,54,4:08,43,Rock,sad,https://lh3.googleusercontent.com/u/0/d/1TmhxO3Z5qazBvx00J-b_yQYcoRw6nks7
776,A Part Of Me (feat. Laura Whiteside),Neck Deep,130,82,43,-2,24,3:11,33,Rock,angry,https://lh3.googleusercontent.com/u/0/d/15dEpK6dJ0sTBxMCOKfnHSK8F8gXtC7_u
777,Homage,Mild High Club,73,47,55,-8,42,2:57,15,Pop Indie,relaxed,https://lh3.googleusercontent.com/u/0/d/17a4hs3tRVZHvIlyZDMZfPqxBjoy4Nquy
778,HOMAGE FUNK,KIXIA,130,86,84,-2,48,2:02,5,Pop Indo,happy,https://lh3.googleusercontent.com/u/0/d/13ParVtUdxmbnNepmweiAM_4WKP8SJMkE
779,Fly Me to the Moon,The Macarons Project,108,11,46,-16,32,3:03,92,Jazz,relaxed,https://lh3.googleusercontent.com/u/0/d/1Odwc9dTd5Py62xoyiM9Y47Oa3JcG-8ll
780,Space Song,Beach House,147,79,51,-7,63,5:20,22,Pop Indie,happy,https://lh3.googleusercontent.com/u/0/d/1f9ZMFiAZ-9wqWJdDxY0WMkhtd8sxAAvA
781,Prom Queen,Beach Bunny,144,80,53,-7,75,2:16,0,Pop Indie,angry,https://lh3.googleusercontent.com/u/0/d/17zftBLs2z7dtAYoWgagBbFeG9e5LwiIx
782,blue,yung kai,97,32,75,-12,59,3:34,93,R&B,relaxed,https://lh3.googleusercontent.com/u/0/d/1RxBQYR7E-vU4IJhrsOsY2lytaKghW8wC
783,Lemon Tree,Gustixa,122,48,78,-9,28,2:24,82,Pop Indo,relaxed,https://lh3.googleusercontent.com/u/0/d/1g3gnCICNfeOVWJMofN77928vjqefeAF5
784,Iris,The Goo Goo Dolls,156,72,32,-8,50,4:49,0,Rock,sad,https://lh3.googleusercontent.com/u/0/d/14e6w-w49lqihvELdo0u-A25zWN2buIZ7
785,Happy Nation,Ace of Base,96,86,67,-5,67,4:11,0,Pop,happy,https://lh3.googleusercontent.com/u/0/d/1XTbyq4jP2jIt70iRAhq2kUO3wp1On2DM
786,Be My Baby,The Ronettes,130,77,51,-7,80,2:42,17,Pop,relaxed,https://lh3.googleusercontent.com/u/0/d/1g8DYY5Q-aNiapbu_3C6YKa_GK-aHLKQc
787,Thank You,Dido,80,58,73,-10,76,3:37,30,Pop,relaxed,https://lh3.googleusercontent.com/u/0/d/1JSe4ggXQnycI6es7RQnoDkYj0C2JnXjX
788,A Thousand Miles,Vanessa Carlton,95,83,56,-4,27,3:57,32,Pop,happy,https://lh3.googleusercontent.com/u/0/d/1Cr7gtC0oSXLEWvDm6RNd7V2sRxjPXaRt
789,We Can't Stop,Miley Cyrus,80,62,61,-6,48,3:50,1,Pop,relaxed,https://lh3.googleusercontent.com/u/0/d/1aV0Sy3PiaiuHp6eU2zhk40YT7c_N3LjE
790,Love You Like A Love Song,Selena Gomez & The Scene,117,68,86,-4,92,3:08,8,Rock,happy,https://lh3.googleusercontent.com/u/0/d/10mDjs98JTWK5wfJCDovdaS6jToq8vkev
791,Hey Jude,The Beatles,74,63,46,-7,59,3:58,9,Rock,relaxed,https://lh3.googleusercontent.com/u/0/d/1md4c8oo5riCkixeHHinETvT42jtZotMk
792,Mockingbird,Eminem,84,68,64,-4,25,4:17,21,Hip-Hop,angry,https://lh3.googleusercontent.com/u/0/d/1DoUBydr9XKnr_pezWhReEuiam_dpKhpO
793,Dear God,Avenged Sevenfold,140,77,47,-6,60,6:34,1,Rock,angry,https://lh3.googleusercontent.com/u/0/d/13RZGYEhgXDvIpgYQDkUMn4A304hjPGko
794,A Little Piece of Heaven,Avenged Sevenfold,145,88,49,-6,67,8:00,2,Rock,angry,https://lh3.googleusercontent.com/u/0/d/1bfgTg8BJueE6xeVS4woRAjsBbtW29u1z
795,Danger Line,Avenged Sevenfold,180,77,47,-6,38,5:28,0,Rock,sad,https://lh3.googleusercontent.com/u/0/d/1_aIBEkM0lqvIzePM-zzF_V-m2lo2zGsu
796,Gunslinger,Avenged Sevenfold,163,73,32,-6,37,4:11,2,Rock,sad,https://lh3.googleusercontent.com/u/0/d/1iTdRM7CipjSu9OSHknsZeUn0ZwnHgrTv
797,So Far Away,Avenged Sevenfold,152,71,29,-4,28,5:28,1,Rock,sad,https://lh3.googleusercontent.com/u/0/d/1C7LZhJFUDpNKTbHYUGoZq3qJpAx7DbGa
798,Afterlife,Avenged Sevenfold,110,95,49,-4,41,5:52,0,Rock,angry,https://lh3.googleusercontent.com/u/0/d/1bI1co_aLfeonEroe_5iVH4u04-05-spP
799,H,Luthfi Aulia,78,34,41,-12,46,3:28,82,Pop Indo,relaxed,https://lh3.googleusercontent.com/u/0/d/1tTV4nnajJ9GWpt7kYsjAOAHswPCijhuh
800,Bohemian Rhapsody,Queen,144,40,39,-10,25,5:54,29,Rock,sad,https://lh3.googleusercontent.com/u/0/d/1oLd7DAxHVCSz0VG0zxI7hDuULvWW0ekj
801,Favorite Girl,Justin Bieber,176,68,58,-4,63,4:16,5,Pop,happy,https://lh3.googleusercontent.com/u/0/d/1vtY04lROoJ9peY9xDLANeMRu5nlSvotp
802,Girls Just Wanna Have Some,Chromatics,115,63,67,-8,46,3:43,18,Pop,relaxed,https://lh3.googleusercontent.com/u/0/d/1LYNkaKtRLJMBG2fM1tIX704NIXBblMmT
803,Ikat Aku Di Tulang Belikatmu,Sal Priadi,166,22,14,-9,7,4:24,84,Folk,sad,https://lh3.googleusercontent.com/u/0/d/1DSIDHeXWWMk8PK2gWNtEhGNaZLjfBudX
804,"Tersenyum, Untuk Siapa?",Hivi!,130,65,59,-6,45,4:35,20,Pop,sad,https://lh3.googleusercontent.com/u/0/d/1BQ8vJQQ4PXGvPlXwqXqb47ZQND0N5p77
805,Berdua Saja,Payung Teduh,178,28,38,-9,25,4:27,60,Keroncong,relaxed,https://lh3.googleusercontent.com/u/0/d/1TTZ2MN-NXbTvJJBAvROM-HUvX4MJjxlk
806,Masa SMA,Angel 9 Band,151,60,46,-8,54,6:11,2,Pop,sad,https://lh3.googleusercontent.com/u/0/d/16OacLOlvOPOaXzdXh-7IP4YQ5uyGXaq4
807,Let Me Down Slowly,Alec Benjamin,150,56,65,-6,48,2:57,74,Pop,sad,https://lh3.googleusercontent.com/u/0/d/1Gn8_4s0cQc-0SQRd5jlWVL_wQkzMU5G7
808,Me And My Broken Heart,Rixton,174,78,55,-4,55,3:15,0,Pop,angry,https://lh3.googleusercontent.com/u/0/d/1m94o77vTQTgC5s-d-OKAg6nBGTZzN8Am
809,Know Me Too Well,New Hope Club,123,70,75,-4,83,3:21,43,Pop,happy,https://lh3.googleusercontent.com/u/0/d/1K-3Ams23FiwsSNiG-qy9qf0eTz5k2hHb
810,Kerasnya Kota,Davisiumbing,180,23,28,-12,28,4:13,65,Pop Indo,sad,https://lh3.googleusercontent.com/u/0/d/1x_-eIlSXwx4SraemMdTQfyyzazcPtCEX
811,Abadi - Indo Version,Dendi Nata,140,64,51,-7,44,4:06,12,Pop Indo,sad,https://lh3.googleusercontent.com/u/0/d/14y-53_pyQAQRKbq8FCkRQ3XtW85eMHsi
812,Asmalibrasi,Soegi Bornean,140,56,72,-6,79,4:15,86,Pop Indo,relaxed,https://lh3.googleusercontent.com/u/0/d/1XnPbnCxEOSc7f8D7RgZOtK8sLZAf7m25
813,Langit Abu-Abu,Tulus,101,13,49,-11,37,3:38,91,Jazz,sad,https://lh3.googleusercontent.com/u/0/d/1niyCIsC8FWOZLOQ_uc6OaL_aY8Ho4FyA
814,Sakura Dalam Pelukan,Chrisye,113,79,63,-7,41,5:28,3,Pop,happy,https://lh3.googleusercontent.com/u/0/d/13ygS5zmia1mq5cPMNe8LLwC1iN5IIZdy
815,Sakura,Fariz RM,117,55,62,-11,40,6:25,55,Pop,relaxed,https://lh3.googleusercontent.com/u/0/d/1jr86u8KgvGxnrc6nNzwrLO_Uu-VlIzbX
816,Hopelessly Devoted To You - From “Grease”,Olivia Newton-John,111,34,59,-13,32,3:05,29,Pop,sad,https://lh3.googleusercontent.com/u/0/d/14vvQ0QE8OykehvZsw4aqBbVsFeMDvf71
817,Di Ini Januari,Pidi Baiq,77,19,52,-16,11,3:52,95,Pop Indo,sad,https://lh3.googleusercontent.com/u/0/d/1-YY0dAovFIx_m87qi0hrS3jNCS03sRVZ
818,Benci Untuk Mencinta,Naif,78,29,55,-10,18,4:09,72,Pop Indo,sad,https://lh3.googleusercontent.com/u/0/d/1ksezT7gmuR0Sy8wmGXG3-WBylWLNJnav
819,Haruskah Ku Mati,Ada Band,144,58,39,-5,47,4:43,9,Pop,sad,https://lh3.googleusercontent.com/u/0/d/1ldtyo-jYbZYsEe0l8JpAQ3nQ06FeZh1B
820,Aku Yang Jatuh Cinta,Dudy Oris,172,35,25,-9,26,3:21,44,Pop,sad,https://lh3.googleusercontent.com/u/0/d/1hVFw4SidgJwOAzCJ6vy5f_jXqnmRNN_j
821,Two Birds,Regina Spektor,151,50,55,-9,45,3:16,80,Pop Indie,sad,https://lh3.googleusercontent.com/u/0/d/1AGVnNHRVtiQTaSjUcfHcc-03KYwFu7f7
822,Treat You Better,Shawn Mendes,83,82,44,-4,77,3:07,11,Pop,angry,https://lh3.googleusercontent.com/u/0/d/1Y1PrCiQkKw4qEghWG6k9OSuGaB2kwoOc
823,Price Tag,Jessie J,175,83,64,-4,67,3:41,3,Pop,happy,https://lh3.googleusercontent.com/u/0/d/1C8BjarV_VBulXT9PE7DXGrryzqJoztru
824,Trouble Is a Friend,Lenka,118,83,66,-5,65,3:39,3,Pop Indie,angry,https://lh3.googleusercontent.com/u/0/d/1r-xufMMmpzgWYzJ2CrvdfioAbAMwZF3u
825,Before You Go,Lewis Capaldi,112,57,46,-5,18,4:06,60,Pop,sad,https://lh3.googleusercontent.com/u/0/d/1rzcBqmT2vVmkaOye8cDYF3r0ib3ViYix
826,Pluto Projector,Rex Orange County,80,22,38,-11,19,4:27,71,Pop Indie,relaxed,https://lh3.googleusercontent.com/u/0/d/1f9Hr7NuomrPjdE52tULw7BldcPm4cSi4
827,Just a Friend to You,Meghan Trainor,140,27,53,-9,41,2:42,92,Pop,sad,https://lh3.googleusercontent.com/u/0/d/1KA4VP-GHyslkKSUx__OK61JXcMXMjsyh
828,Make You Mine,PUBLIC,103,80,61,-4,64,3:52,1,Pop Indo,happy,https://lh3.googleusercontent.com/u/0/d/1l2e0K7uKcGMAoX3uq94otS_vHW4wO5S_
829,Put Your Head On My Shoulder,Paul Anka,116,34,55,-9,47,2:42,75,Pop,relaxed,https://lh3.googleusercontent.com/u/0/d/1I0C3MbbgIn7vIxEo0xQuK96HqNrqNWvZ
830,A Piece of You,Nathaniel Constantin,75,53,48,-7,22,3:52,2,Pop Indo,relaxed,https://lh3.googleusercontent.com/u/0/d/1kP9J_gqaE6R9J4ejKWrHmtCjNODlGyL3
831,perayaan mati rasa,Umay Shahab,147,32,36,-11,33,4:45,87,Pop Indo,sad,https://lh3.googleusercontent.com/u/0/d/1SxU3goLVPrHlMu0CcKOXNfa6r814naKm
832,Sudah Tahu Tuhan Kita Berbeda,eńau,128,27,66,-9,35,3:30,17,Pop Indo,sad,https://lh3.googleusercontent.com/u/0/d/1nOJV0DWVGErkLhMTVoNd_JlH3pEUF2DK
833,Panasea,rumahsakit,142,68,43,-7,48,4:31,3,Rock,relaxed,https://lh3.googleusercontent.com/u/0/d/1lkCS1KdBd80oKIb16E2Zl0QnPbmU9PaD
834,At My Worst,Pink Sweat$,92,42,81,-6,67,2:50,78,R&B,relaxed,https://lh3.googleusercontent.com/u/0/d/17pf1cql3JpESR_v0oi_emvm5SJ_Ewpwf
835,Angel Baby,Troye Sivan,72,56,56,-6,34,3:41,1,Pop,relaxed,https://lh3.googleusercontent.com/u/0/d/17_vJMx2rjewWAsPUcf5rLah9MY2_vPg5
836,Akad,Payung Teduh,92,71,50,-8,77,4:19,32,Keroncong,relaxed,https://lh3.googleusercontent.com/u/0/d/1C78bd4xo1hL85CQp-ibu4VuQn2CCnYzM
837,Girl In The Mirror - I,Sophia Grace,134,72,86,-6,94,3:37,4,Pop,happy,https://lh3.googleusercontent.com/u/0/d/1yZg2oXd9ZxValnzSChwkmEXyKAceFKWQ
838,Deslocado,NAPA,76,46,57,-8,41,3:00,15,Pop Indo,sad,https://lh3.googleusercontent.com/u/0/d/1Uwa2QeG2B3R3kjlRkr3zlIl9gPIju9CI
839,Di Ujung Jalan,SAMSONS,140,65,41,-3,26,3:53,5,Rock,sad,https://lh3.googleusercontent.com/u/0/d/1UtJDJgs345SpwSPNKEIPV4m70O2VdKQT
840,Hey There Delilah,Plain White T's,104,29,66,-11,30,3:52,87,Rock,relaxed,https://lh3.googleusercontent.com/u/0/d/1C9VsFhtLD5cObbrAT0qWwwRJu__zlqIu
841,less,Olivia Rodrigo,164,8,43,-14,21,3:14,96,Rock,sad,https://lh3.googleusercontent.com/u/0/d/1Xu_I2Ls7IWTtYDgb5SEpkgBGEh8NI3Ab
842,Sandiwara Semu,rumahsakit,166,84,52,-5,59,4:24,7,Rock,angry,https://lh3.googleusercontent.com/u/0/d/1SIxqVi5SLbEzHnOpP-uuyJq22LgCbY9q
843,Kuning,rumahsakit,140,89,47,-5,62,4:29,0,Rock,angry,https://lh3.googleusercontent.com/u/0/d/1KqW92m33AXSQ62rMFTqcYElveVSIE1ZM
844,Anomali,rumahsakit,120,78,59,-6,51,4:44,34,Rock,angry,https://lh3.googleusercontent.com/u/0/d/1fmShNAo6ipzkWbtnOjjVbM5kYi5_D3k0
845,Kabar Bahagia,rumahsakit,138,87,49,-5,73,3:36,10,Rock,happy,https://lh3.googleusercontent.com/u/0/d/1ltiqbCy4Bw-_Urw7JraBM7fX61quPGae
846,Duniawi,rumahsakit,152,55,42,-5,31,4:55,21,Rock,relaxed,https://lh3.googleusercontent.com/u/0/d/1a7lQga26ZOpcC3I-REUWu_M7tELJ5uIC
847,"Merry Christmas, Please Don't Call",Bleachers,112,73,53,-9,30,3:19,21,Pop Indie,sad,https://lh3.googleusercontent.com/u/0/d/1RAV29wnsuprogKLCNbiPxuD7iErgvjwU
848,Magnolia,Magnolia Celebration,130,50,49,-12,55,4:16,13,Pop Indo,relaxed,https://lh3.googleusercontent.com/u/0/d/1iB9MB2bx-8fdzLt77eczGLliwQIxUas-
849,Promise,Laufey,76,11,26,-17,9,3:54,94,Jazz,relaxed,https://lh3.googleusercontent.com/u/0/d/12YPgBXdfAWUte7jSeZ2cS8DTPiGpMfiu
850,From The Start,Laufey,81,34,55,-10,83,2:49,89,Jazz,sad,https://lh3.googleusercontent.com/u/0/d/1vaYHHAKPNbTs7wS7atysMJaywVB0lo9-
851,Letter To My 13 Year Old Self,Laufey,92,14,52,-15,24,4:22,97,Jazz,sad,https://lh3.googleusercontent.com/u/0/d/1WhCaAI1Kd6Uqvv64sfZxE8okNfIC2Ggd
852,Mystery of Love,Sufjan Stevens,132,27,37,-17,24,4:10,94,Pop Indie,sad,https://lh3.googleusercontent.com/u/0/d/15SG9GROQ0r8WkA8q3Lun_4sFRJ-LVBJM
853,Nothing,Bruno Major,140,27,56,-16,27,2:47,93,R&B,relaxed,https://lh3.googleusercontent.com/u/0/d/1JtRffXhQj6JmuGbtF9BeurSqgLj__956
854,You're Gonna Live Forever in Me,John Mayer,136,13,54,-14,32,3:10,98,Rock,relaxed,https://lh3.googleusercontent.com/u/0/d/1NpSufynmppzYqiTqEyOq_Twdh7Rjw9Hl
855,Bila,Aku Jeje,107,23,36,-13,18,2:32,79,Pop Indo,sad,https://lh3.googleusercontent.com/u/0/d/1Ko6y7aymq0y_d_RZ42V_ic-HIzZFAjy4
856,Mewangi,Banda Neira,141,14,29,-22,20,5:58,96,Pop Indo,relaxed,https://lh3.googleusercontent.com/u/0/d/10NwB9ivuW2r42NvgtvYi5IIEZYdilECC
857,Mimpilah Seliar-liarnya,Banda Neira,124,22,66,-16,47,3:29,95,Pop Indo,relaxed,https://lh3.googleusercontent.com/u/0/d/1YHqemcJCA1rl95W1XDOvSzcrHKwUX58t
858,Argata,Romi Jahat,120,77,59,-6,58,4:29,7,Pop Indo,relaxed,https://lh3.googleusercontent.com/u/0/d/1tK36pDEhw7k9lbQB77-I5W4ZfoCCZyUn
859,Feels Like We're Still a Lover,Aldi Haqq,142,42,49,-7,12,4:53,3,Pop Indo,sad,https://lh3.googleusercontent.com/u/0/d/19VfYY-cL1DiMUHJyD03zYc8sQYj__pUw
860,Aku Bisa,Namoy Budaya,148,80,69,-5,61,5:31,38,Pop Indo,happy,https://lh3.googleusercontent.com/u/0/d/1tImcgys6jlg35L9KefX7ctlVQtHcWFlu
861,anything,Adrianne Lenker,84,29,39,-13,51,3:21,77,Pop Indie,sad,https://lh3.googleusercontent.com/u/0/d/13bfO4ywqZQpkYbHbQ99nZ3D-X2kpQdkG
862,On Bended Knee,Boyz II Men,117,51,64,-8,18,5:31,37,R&B,sad,https://lh3.googleusercontent.com/u/0/d/1mssqV3VelDHqLEzUp50rKGW3flliq7z3
863,Keabadian,Reza Artamevia,135,57,61,-6,43,4:10,32,Pop,relaxed,https://lh3.googleusercontent.com/u/0/d/1_W2us22zDYfULNVWmiB-UHNIJ73Bxnjv
864,Beautiful (feat. Camila Cabello),Bazzi,100,72,64,-5,25,3:00,35,Pop,happy,https://lh3.googleusercontent.com/u/0/d/1SHM0j4u78k_bLMpCwPRdHcxml7ws5Wcd
865,Aku Harus Pergi,Whisnu Santika,150,63,57,-7,28,3:52,79,Pop Indo,sad,https://lh3.googleusercontent.com/u/0/d/1TIUQgJR9nBZxBNwVT1hqDhbYVADyE7xW
866,Sepenuh Hati,Rony Parulian,74,56,39,-7,45,4:07,51,Pop Indo,relaxed,https://lh3.googleusercontent.com/u/0/d/1zW9dDP-Nl6swizVuPVvWBU6T3uX9iCwy
867,That Somebody,Rafi Sudirman,71,46,61,-8,44,4:43,71,Pop Indo,relaxed,https://lh3.googleusercontent.com/u/0/d/1Q8Yk64kHq2X5v2NIyKw7oME5Uscem8A0
868,White Keys,Dominic Fike,82,55,71,-9,84,2:24,79,Pop Indie,sad,https://lh3.googleusercontent.com/u/0/d/1bLcpc6pxp1klsGaNLpa0lFSPIDwOONoG
869,That's What I Like,Bruno Mars,134,56,85,-5,86,3:27,1,R&B,happy,https://lh3.googleusercontent.com/u/0/d/1l94VY-HFUjsvZax6AZOcpAJGz624U4Qp
870,seasons,wave to earth,60,28,37,-11,16,4:16,78,Pop Indie,sad,https://lh3.googleusercontent.com/u/0/d/1XHQMMuhhP5rLyYzb8CUGu-whm3IKRtly
871,bittersweet,Madison Beer,110,62,63,-7,18,3:22,74,Pop,sad,https://lh3.googleusercontent.com/u/0/d/1bGA_lRYA4MpjUbQiOIa_NIB2H8WPhIJm
872,First And Last,4BOUT,184,28,35,-8,9,3:15,78,Pop Indo,relaxed,https://lh3.googleusercontent.com/u/0/d/1pX0c6s_f3FD3tytPtT4eszUofqjmI3tt
873,Staying,Lizzy McAlpine,136,21,50,-11,33,2:31,84,Pop Indie,sad,https://lh3.googleusercontent.com/u/0/d/1b83INLm5KXr8e0a2Xd1vWArG9K_Ui34I
874,TEMAN KU SEMUA PADA JAHAT TANTE ENAK DONG,R'PRO REVOLUTION,114,91,67,-2,50,1:42,6,Hip-Hop,relaxed,https://lh3.googleusercontent.com/u/0/d/1Qskr8z3OZczZsyxeEsg7gzYmbypgnrvD
875,Mari Bercerita,Payung Teduh,82,28,32,-10,23,5:01,86,Keroncong,relaxed,https://lh3.googleusercontent.com/u/0/d/1MIImbsmgEbRZ5HzyZ4DRmXivW4ghkABC
876,The Pluto Song,HVZH,90,36,56,-13,71,3:18,38,Pop Indo,relaxed,https://lh3.googleusercontent.com/u/0/d/1FEu3tkKoRCp_s7NZqIZ8Fb__SZWUrHBP
877,Piano Man,Billy Joel,178,55,33,-6,43,5:40,61,Rock,sad,https://lh3.googleusercontent.com/u/0/d/1_z13oGCZBAuc6N7TxClqvmyUPnpdzeHB
878,My Life,Billy Joel,131,65,74,-13,80,4:45,11,Rock,relaxed,https://lh3.googleusercontent.com/u/0/d/1OQI-r_qJTycZETHX7FwhT43lJdODusNv
879,"Here, There And Everywhere - Remastered 2009",The Beatles,165,25,29,-12,36,2:23,92,Rock,relaxed,https://lh3.googleusercontent.com/u/0/d/1JNdLyoPAs30e_p28gnicK2mxwJce47H_
880,All I Want,Kodaline,187,41,19,-10,16,5:01,17,Rock,sad,https://lh3.googleusercontent.com/u/0/d/1JHhbrXzKWgZXhlC5-4BKaEHT-Qpwgjef
881,Slipping Through My Fingers,ABBA,137,26,48,-16,34,3:55,80,Pop,sad,https://lh3.googleusercontent.com/u/0/d/1jiL54XU_F8Zf1-n2EX3y7gdIhtISPTcw
882,Love Song,Grrrl Gang,97,86,50,-6,73,2:02,2,Pop Indo,happy,https://lh3.googleusercontent.com/u/0/d/1dfDNFgP18bMZ0MPaNm1aWMuegs3AsrfW
883,love.,wave to earth,62,39,32,-10,25,5:07,65,Pop Indie,relaxed,https://lh3.googleusercontent.com/u/0/d/1n7Mxnqgy-_Yb1RK52h5JBtoROjeQLJ6k
884,bad,wave to earth,136,55,56,-9,39,4:23,71,Pop Indie,sad,https://lh3.googleusercontent.com/u/0/d/1UkEGftVZ5h3fkmiK0wYyb_riFZh3UhQa
885,Peachy World,Drizzly,170,95,38,-6,87,3:20,0,Pop Indo,happy,https://lh3.googleusercontent.com/u/0/d/13bf4WJU-wvd2GPfYG3I5A8piTVJPpfzX
886,Jalaraning Tresna - Keroncong Version,Woro Endah,120,48,55,-7,41,4:38,75,Keroncong,relaxed,https://lh3.googleusercontent.com/u/0/d/1wwGdaWU2QWprtiqb6dvRNjTcBftxPgjZ
887,Mendarah,Nadin Amizah,117,20,41,-11,24,4:02,80,Pop Indo,sad,https://lh3.googleusercontent.com/u/0/d/1pneGhc9rSMgiC49c_jwyhB2blXWPYqcB
888,Mundur Perlahan,Paul Aro,116,28,56,-11,19,4:18,95,Pop,sad,https://lh3.googleusercontent.com/u/0/d/1UMWImU_BGCnkK-DsJuT0LmdtEZkP7hec
889,Jangan Melamun Saat Hujan,Kunto Aji,142,23,63,-12,20,4:33,94,Pop Indo,relaxed,https://lh3.googleusercontent.com/u/0/d/1zuj_A6XCbuocUcC8C07ys5HFfKdqUZ7c
890,Betapa Ku Cinta Padamu,Dato' Sri Siti Nurhaliza,198,53,29,-8,40,6:07,55,Pop,relaxed,https://lh3.googleusercontent.com/u/0/d/1esRVo7JLlD-juRMYoiH4FbyWA1gvXkbV
891,Pikiran Yang Matang,Perunggu,100,84,52,-3,43,3:12,1,Rock,relaxed,https://lh3.googleusercontent.com/u/0/d/1lDQlQNAXuQknoDvfBw9xpoDcvWyWRuLH
892,Badut,Raavfy,116,25,48,-12,22,5:55,91,Pop,sad,https://lh3.googleusercontent.com/u/0/d/1I6wghGs1wLpfjV6hwiF3sNFmakyeuzrH
893,Badut Pt.3,Raavfy,110,26,44,-11,14,7:41,84,Pop,sad,https://lh3.googleusercontent.com/u/0/d/1h2Y0dOIuJ6b8AZiksp3Usk5VimWuH278
894,Badut Pt. 4,Raavfy,111,18,45,-16,10,7:39,85,Pop,sad,https://lh3.googleusercontent.com/u/0/d/1StD5krMGhg-JbJw0Tx6rVKwEzT8pmjK8
895,Hebat,Tangga,208,65,59,-6,82,3:54,7,Pop,relaxed,https://lh3.googleusercontent.com/u/0/d/1FJONLRaIT_qqRiLQG5aBsmzgwD29d4D1
896,Hanya Untuk-Mu,Ten2Five,170,23,44,-13,13,3:30,85,R&B,relaxed,https://lh3.googleusercontent.com/u/0/d/1nynYSK1EDN7GkJz2srroIrEmAqJwgGi5
897,I'm Outta Time,Oasis,77,62,43,-5,8,4:10,0,Rock,sad,https://lh3.googleusercontent.com/u/0/d/1IA-HrY8ILg0734-nLfxAm6qGczFwMxuf
898,"Kalibata, 2012",Perunggu,108,75,61,-7,48,5:01,0,Rock,sad,https://lh3.googleusercontent.com/u/0/d/1bOwhfJ_fBYmNF5HcYeHhTgOL-yMgZ5KT
899,Trajectories,Bruno Major,136,14,48,-19,13,2:58,96,R&B,sad,https://lh3.googleusercontent.com/u/0/d/1sCKlnOKspLgwA0padhoxiK5BvgapLvq8
900,Pastikan Riuh Akhiri Malammu,Perunggu,110,52,62,-10,23,4:12,1,Rock,relaxed,https://lh3.googleusercontent.com/u/0/d/1HdIVk_TX4RxanGOuruiWZqSrYk66ZlhC
901,Aku Ada Untukmu,Perunggu,125,73,69,-4,44,4:04,26,Rock,happy,https://lh3.googleusercontent.com/u/0/d/1kR8pIFRlvGYtgo47ECgKAS3O5MNCzvyH
902,Married With Children,Oasis,88,41,59,-12,31,3:12,85,Rock,sad,https://lh3.googleusercontent.com/u/0/d/1r7hE1iYOUy19i4izkcPU0N9Kx9jBBGQS
903,Superpowers,Daniel Caesar,107,43,46,-9,5,2:54,61,R&B,relaxed,https://lh3.googleusercontent.com/u/0/d/1blMuGyQ_joMlqUvwCEotpCDCkZG8RAdI
904,Always,Daniel Caesar,136,44,58,-8,20,3:45,67,R&B,relaxed,https://lh3.googleusercontent.com/u/0/d/1oXekaFiGxJMDxhYK7V9b81bOMR0wGv89
905,Best Part (feat. H.E.R.),Daniel Caesar,75,37,52,-10,44,3:31,80,R&B,relaxed,https://lh3.googleusercontent.com/u/0/d/189xBcNrIYUW-fmb_9DO2ihvznrr9nP6s
906,Swear It Again - Radio Edit,Westlife,130,53,63,-7,33,4:08,30,Pop,relaxed,https://lh3.googleusercontent.com/u/0/d/18vm_t55KuFXEvLKmM40O9Q2hYC6WcCre
907,Gak Iso Turu,YoWis Ben,105,76,59,-7,49,3:53,11,Pop,angry,https://lh3.googleusercontent.com/u/0/d/16bc6zSHjVcSesALcNL4UGhpSBQDm3ukl
908,Just Give Me a Reason (feat. Nate Ruess),P!nk,95,55,78,-7,44,4:09,34,Rock,sad,https://lh3.googleusercontent.com/u/0/d/1He4bvbZny1wVvABZnWDUe6fi_WI-wHQI
909,Gandolane Ati,YoWis Ben,97,79,59,-5,45,3:13,4,Pop,happy,https://lh3.googleusercontent.com/u/0/d/1R-nEfCDAwZTHVQcQzazsFHK1BJvvwIWf
910,Lay Me Down,Sam Smith,119,33,42,-9,17,4:14,77,Pop,sad,https://lh3.googleusercontent.com/u/0/d/1ZTwiT87w93rfnte-VBgKcUCbQut9K-1k
911,Lagu Galau,YoWis Ben,96,74,66,-5,40,3:26,6,Pop,angry,https://lh3.googleusercontent.com/u/0/d/1P7AfCTOjfTPeNSE9cx3Cc_ZXqhj_V5IG
912,In Love With Another Man - Official Audio,Jazmine Sullivan,117,34,45,-8,18,4:11,70,R&B,sad,https://lh3.googleusercontent.com/u/0/d/1hjLtzo6dcRl3Ptabne2C2IUGUmSCj36l
913,Baby Came Home 2 / Valentines,The Neighbourhood,74,50,21,-10,11,6:30,7,Rock,sad,https://lh3.googleusercontent.com/u/0/d/15vSFvFn8T34vTVNpYmTj0W-AHyV6L403
914,The Show,Lenka,123,59,75,-4,59,3:55,26,Pop Indie,happy,https://lh3.googleusercontent.com/u/0/d/16ro0gFQNbQkwphPo6h2srslF-NL06x0u
915,Untitled,Rex Orange County,84,20,57,-10,33,2:24,91,Pop Indie,relaxed,https://lh3.googleusercontent.com/u/0/d/1bko4YeGgPtCT3eW-GEvr-Sm6xDRR8esR
916,When I Close My Eyes,Tom Odell,137,32,52,-13,20,3:13,95,Pop,sad,https://lh3.googleusercontent.com/u/0/d/1AEQfjI30CtOMtE39y8raYUC3u5XPg2-c
917,Untitled,MALIQ & D'Essentials,93,24,82,-10,49,4:05,61,R&B,relaxed,https://lh3.googleusercontent.com/u/0/d/1FNvXTLQaBLj_ZOREQmH7q5ZJYP-3XIcD
918,The Visitor,SIENNA SPIRO,127,21,39,-8,17,3:49,87,Pop Indo,sad,https://lh3.googleusercontent.com/u/0/d/1-9bQwrUlF-tQOnjN97ZLdD62DLC1cIWa
919,Smile,Steve Chris,130,89,83,-5,77,2:33,23,Pop Indo,happy,https://lh3.googleusercontent.com/u/0/d/1H1o7SruY_cvQnZGozitlAGkiaJmA-jUB
920,So Easy (To Fall In Love),Olivia Dean,140,63,75,-6,57,2:49,67,R&B,relaxed,https://lh3.googleusercontent.com/u/0/d/1zPdnxvEQd0fart0k8mK0LNP9oSSmh6i7
921,If Ever You're in My Arms Again,Peabo Bryson,96,58,58,-5,33,4:14,9,R&B,sad,https://lh3.googleusercontent.com/u/0/d/1swldWBcpS9IdMl7hhGPAyYCbS7wZfVdH
922,Falling in Love at a Coffee Shop,Landon Pigg,83,56,49,-8,24,4:06,20,Folk,relaxed,https://lh3.googleusercontent.com/u/0/d/1qXFE9yQVMoJ4PboF6Lyt0GF3ZdmanAKz
923,2112,Reality Club,119,55,60,-9,22,5:56,17,Pop Indo,relaxed,https://lh3.googleusercontent.com/u/0/d/1idVK2LK7zmzQ8gQ7A2RRz4521WXzLcrC
924,Alexandra,Reality Club,138,36,38,-10,14,4:08,75,Pop Indo,sad,https://lh3.googleusercontent.com/u/0/d/1RpVCNJSH4ZpTV7liqXHsjnre4z1o-K-_
925,The Goodbyes You Never Said,odit,140,30,55,-10,13,4:11,75,Pop Indo,sad,https://lh3.googleusercontent.com/u/0/d/1JFXC4ygGEdieheGst4PGBwH_DUdqoEDw
926,Riptide,Vance Joy,102,73,48,-7,51,3:24,43,Pop Indie,relaxed,https://lh3.googleusercontent.com/u/0/d/1ZeC4Lsq9oZck3YmAYpRl7cvo5LSgfiRD
927,I Will Fly,Ten2Five,97,65,68,-8,60,3:49,7,R&B,relaxed,https://lh3.googleusercontent.com/u/0/d/1eYNXeQaWeJivM4oTb7r3mBGwe-HsdYVo
928,Who I Am,Alan Walker,109,53,53,-5,33,3:31,13,Electronic,relaxed,https://lh3.googleusercontent.com/u/0/d/1TsC_-pC7uZnuOsb8sqiHhED8FMyWg_IZ
929,If I Had A Gun…,Noel Gallagher's High Flying Birds,151,75,29,-3,22,4:09,5,Rock,relaxed,https://lh3.googleusercontent.com/u/0/d/1TI4X38oWI99i2KDVpEQ8GL6-PTPreEom
930,Who Says,Selena Gomez & The Scene,101,93,68,-3,74,3:14,8,Rock,happy,https://lh3.googleusercontent.com/u/0/d/1V5FbyDFJpbmzNDrh6H5aDBQIoSWHRAhY
931,Paper Rings,Taylor Swift,104,72,81,-7,87,3:43,1,Pop,happy,https://lh3.googleusercontent.com/u/0/d/16T0SCphFwd1_aX0NTHuHw5ox0lyGKrtu
932,Natural,D’MASIV,78,68,50,-7,44,3:54,44,Rock,relaxed,https://lh3.googleusercontent.com/u/0/d/1h47VVDhUQFyls8Q0I38zAv1atUageAGm
933,Message In A Bottle (Taylor's Version) (From The Vault),Taylor Swift,116,79,62,-6,49,3:46,0,Pop,happy,https://lh3.googleusercontent.com/u/0/d/1D8Hqe3svS_6y3C_oq609ZfywyCB3AvGQ
934,On My Way,Alan Walker,170,69,51,-5,30,3:13,2,Electronic,relaxed,https://lh3.googleusercontent.com/u/0/d/14U7cw7lP2qyXeSTbxBYBIEnKnMFMCIB5
935,Symphony (feat. Zara Larsson),Clean Bandit,123,63,71,-5,46,3:38,26,Electronic,happy,https://lh3.googleusercontent.com/u/0/d/11AaWdMKDULFebBclj6vuTOPIShj1CcuR
936,Solo (feat. Demi Lovato),Clean Bandit,105,64,74,-5,56,3:42,4,Electronic,happy,https://lh3.googleusercontent.com/u/0/d/1DHcAvI8JIxLzoU6Ag1qeZlGhcfwkqDOB
937,Unity,The Walkers,115,66,58,-7,24,3:24,5,Pop Indo,relaxed,https://lh3.googleusercontent.com/u/0/d/1XOGkar8ZFYk3ycZZykpDWzpPiLmkTCNC
938,Cheerleader (Felix Jaehn Remix) - Radio Edit,OMI,118,69,78,-6,60,3:02,17,Reggae,happy,https://lh3.googleusercontent.com/u/0/d/1BFpBjf7CmaZQOnUd1qpbv_7TFrNlcW4S
939,Headlights (feat. KIDDO),Alok,100,75,63,-6,32,2:37,1,Electronic,happy,https://lh3.googleusercontent.com/u/0/d/1ArpBlhl66OrpG3DClkxUF_H5-hyS1mwM
940,"Better Off (Alone, Pt. III)",Alan Walker,130,69,51,-5,38,2:31,3,Electronic,sad,https://lh3.googleusercontent.com/u/0/d/1QMdLUqW94ky1ni59x-a6gJMg2JDPFFnn
941,The Spectre,Alan Walker,128,71,65,-7,20,3:10,2,Electronic,angry,https://lh3.googleusercontent.com/u/0/d/1-YcWE5vJj4uwO0TAYnrEHt1pGDcd-DcI
942,Lily,Alan Walker,151,63,42,-6,47,3:15,20,Electronic,relaxed,https://lh3.googleusercontent.com/u/0/d/1IxXU6qe7AQDcGsWI1Dx3qcmETocKXdtb
943,Say No,Tasya Kamila,122,78,82,-6,96,3:55,7,Pop,angry,https://lh3.googleusercontent.com/u/0/d/1K4DOqL5GD5EYpo69kqabsiaV1MKNX7Um
944,Old Habits (From Delta Force Game),Alan Walker,77,80,57,-5,37,3:11,35,Electronic,angry,https://lh3.googleusercontent.com/u/0/d/1o1dFkDJnau4sNW5otykp_zrAeVHtH7s9
945,Homewrecker,sombr,100,92,46,-3,53,3:29,5,Pop Indie,angry,https://lh3.googleusercontent.com/u/0/d/1-b941SeahYdEPbIquXgxhh0zLCiQMCe2
946,undressed,sombr,116,89,64,-4,89,3:02,14,Pop Indie,relaxed,https://lh3.googleusercontent.com/u/0/d/1cc5BjWKWNvuEvMccKvrBkDHo7aojpOnm
947,Happiness is a butterfly,Lana Del Rey,70,12,47,-11,16,4:32,97,Pop Indie,sad,https://lh3.googleusercontent.com/u/0/d/1eUydG9UQlBV0L4WCR0Gr5kNLm-Q9-irP
948,do i ever cross your mind,sombr,82,56,39,-12,25,2:48,56,Pop Indie,sad,https://lh3.googleusercontent.com/u/0/d/1txdEgAvMvYSjRduPzs1NN6vUvptouzPY
949,Babydoll,Dominic Fike,168,60,76,-5,85,1:38,11,Pop Indie,happy,https://lh3.googleusercontent.com/u/0/d/1krCr9gVkW3WTTH3kwPGd5Yv8tpAgGXPe
950,Baby Came Home,The Neighbourhood,113,57,64,-6,27,3:47,1,Rock,sad,https://lh3.googleusercontent.com/u/0/d/1TnYXa8o5KiEVjfOXMsLHGuxrbsUC0lNO
951,Clockwork,Laufey,126,36,62,-8,60,2:30,88,Jazz,sad,https://lh3.googleusercontent.com/u/0/d/19e0v5wY67Fsx7ykdlGt681CmYAmY6Jik
952,"Too Little, Too Late",Laufey,159,22,28,-10,17,3:53,95,Jazz,sad,https://lh3.googleusercontent.com/u/0/d/1dd0twddJlD-MIk8gVBbuQ2ugYopsoobw
953,Tough Luck,Laufey,118,40,68,-7,23,3:12,46,Jazz,sad,https://lh3.googleusercontent.com/u/0/d/12lOskPTm0uelnPvvK0c0MGKPmbeSaNOl
954,Blue Skies - REVOKE Remix,Lenka,170,53,64,-11,21,3:26,7,Pop Indie,relaxed,https://lh3.googleusercontent.com/u/0/d/1--eXs31IVzHcBCY47csZwBIVaj_cPNkS
955,Everything at Once,Lenka,145,47,77,-8,84,2:39,33,Pop Indie,relaxed,https://lh3.googleusercontent.com/u/0/d/1mKc8uI7eZXu0b6B-wYOMZyTMPTZURfXT
956,Everything's Okay,Lenka,146,39,74,-8,51,3:51,60,Pop Indie,relaxed,https://lh3.googleusercontent.com/u/0/d/1lFvo9YF-NSKvMUmcMLx6DFHS-LwV-23z
957,Mungkin Takut Perubahan,Lomba Sihir,80,71,62,-8,69,3:09,1,Pop Indie,angry,https://lh3.googleusercontent.com/u/0/d/1abQ1NrTGP7vlfX6OuAPvIzFgfeibmVoN
958,Andai Saja,Lomba Sihir,78,73,49,-5,50,3:57,3,Pop Indie,angry,https://lh3.googleusercontent.com/u/0/d/1JI9ALawCFAK4RX8__z_ryY40iZJhLSCg
959,Nirrrlaba,Lomba Sihir,105,76,66,-7,88,3:49,0,Pop Indie,angry,https://lh3.googleusercontent.com/u/0/d/1fzkscjc-Eqx6pMCWpM4pxOVnubYodBfm
960,Pilihanku,MALIQ & D'Essentials,118,71,67,-6,85,3:26,72,R&B,relaxed,https://lh3.googleusercontent.com/u/0/d/1X4CztaBh47lAEJM5-NNJZkVTlmWqukOr
961,Dia,MALIQ & D'Essentials,84,62,64,-7,92,4:22,66,R&B,relaxed,https://lh3.googleusercontent.com/u/0/d/1H8QTYRCMYMhkJ17Hqmge3Pz8Ro4F1M1T
962,Senja Teduh Pelita,MALIQ & D'Essentials,88,82,57,-6,93,4:34,70,R&B,relaxed,https://lh3.googleusercontent.com/u/0/d/1eRbSuczTR1Pb3s2h8hSU7ZhOwWy9DTHB
963,Semoga,MALIQ & D'Essentials,150,71,54,-6,52,4:29,63,R&B,relaxed,https://lh3.googleusercontent.com/u/0/d/1mvPLX3WLCmt1H_GU-Y0bIqo2_4-TQh1N
964,Teenagers,My Chemical Romance,112,86,46,-3,86,2:41,5,Rock,angry,https://lh3.googleusercontent.com/u/0/d/1OPJF4UmMWL7eAILR5zwa94OftRE8PZoX
965,Buzz,NIKI,100,52,73,-8,84,2:55,70,R&B,relaxed,https://lh3.googleusercontent.com/u/0/d/1909SxqvCH6p184K0T0jmrFJ2D7e7j_sU
966,Did You Like Her In The Morning?,NIKI,77,12,42,-16,36,3:37,90,R&B,sad,https://lh3.googleusercontent.com/u/0/d/1W1xNubG70vDr4pJJKUNgnbwNFOk52itv
967,Tsunami,NIKI,143,21,36,-15,34,3:51,84,R&B,sad,https://lh3.googleusercontent.com/u/0/d/1mFg3mdQOuQgZTT_iV4l0gmi39Hv4axVB
968,Don't Look Back in Anger - Remastered,Oasis,163,94,33,-3,33,4:49,7,Rock,happy,https://lh3.googleusercontent.com/u/0/d/1Le78FgapT9G0lj23cwTySMBPBgLg7zpM
969,All I Ask,Adele,142,28,59,-5,35,4:31,89,Pop,sad,https://lh3.googleusercontent.com/u/0/d/1CNo8f503cCOTY3wD3NFIdXsuiXG7ko-i
970,505,Arctic Monkeys,140,87,53,-6,25,4:11,0,Rock,angry,https://lh3.googleusercontent.com/u/0/d/1yPsohiC63p5nfKP5gCINoWJrYn6kO4-f
971,needy,Ariana Grande,87,31,65,-8,20,2:52,78,Pop,relaxed,https://lh3.googleusercontent.com/u/0/d/1zwS0m27Fw2lAE1jIxV955uBvEcDIEM5c
972,"thank u, next",Ariana Grande,107,65,72,-6,41,3:32,23,Pop,happy,https://lh3.googleusercontent.com/u/0/d/1ZG0AB-bzo6o9_tF8vEtMl10WPLrr3ZSU
973,the boy is mine,Ariana Grande,98,63,80,-6,45,2:53,16,Pop,angry,https://lh3.googleusercontent.com/u/0/d/1EsBJNXMeyYaU9hl7uWUVSbwlDEOcDOhL
974,Untukku,Chrisye,120,48,59,-8,31,4:15,26,Pop,relaxed,https://lh3.googleusercontent.com/u/0/d/1aSpXwH1X-2kE6kscRye2xDMiN2Q4MLx-
975,hold me tight,Skyline,73,45,41,-8,30,3:11,73,Pop Indo,relaxed,https://lh3.googleusercontent.com/u/0/d/173HNDb2o1jbSMW8DoYSDasjVPYYrWz0d
976,night shift,Skyline,136,48,47,-12,9,3:33,91,Pop Indo,relaxed,https://lh3.googleusercontent.com/u/0/d/1AtFtlWYPHTaUQymCJr7fS0V0LixGxuC7
977,Tanpa Cinta,Yovie & Nuno,136,51,44,-6,26,4:16,60,Rock,sad,https://lh3.googleusercontent.com/u/0/d/1F3N_lRaN23T2joaz8npYXECwUb7WjLPE
978,Menjaga Hati,Yovie & Nuno,142,67,54,-6,19,3:58,62,Rock,sad,https://lh3.googleusercontent.com/u/0/d/12-rTuan5APYTM-eVUj5NhJc0gyNDC2Lc
979,Manusia Biasa (CLB),Yovie & Nuno,110,66,59,-4,67,3:48,52,Rock,relaxed,https://lh3.googleusercontent.com/u/0/d/1bfyKensoryPEYPGPdolEOGhyQBfYR_Sr
980,Saat Kau Telah Mengerti,Virgoun,69,31,29,-10,25,4:50,80,Pop,sad,https://lh3.googleusercontent.com/u/0/d/14463lIhhhoaAc5MpGQTUjmRRg4snb-K0
981,Bukti,Virgoun,140,45,48,-8,34,4:43,62,Pop,relaxed,https://lh3.googleusercontent.com/u/0/d/1uBlrHiiY-IeZfCBSvTVxjaIS8n7d95mN
982,Terlalu Lama,Vierra,150,57,53,-7,39,4:07,34,Rock,sad,https://lh3.googleusercontent.com/u/0/d/1VS6_DtrClDkXc4NSbzPwMXd3d39gTI2b
983,Rasa ini,Vierra,125,49,58,-6,19,4:00,85,Rock,sad,https://lh3.googleusercontent.com/u/0/d/1rQXpJNTidihLiRxtqnPqaJc5Mrbqs6fU
984,Komang,Raim Laode,134,41,70,-9,35,3:42,41,R&B,relaxed,https://lh3.googleusercontent.com/u/0/d/1KpegvM_if6t4znDLf43RStpTcFkvG6W7
985,Teman Bahagia,Jaz,95,41,74,-7,80,3:28,23,R&B,happy,https://lh3.googleusercontent.com/u/0/d/1JUbR61HC-fAGpHaxAWSJ9_-_B_aO3tZO
986,J.A.P,Sheila On 7,142,77,52,-9,88,4:44,0,Rock,happy,https://lh3.googleusercontent.com/u/0/d/1PFinOqHv13oZToTzHgO7Wjs3R9u6InK8
987,A Different Way (with Lauv),DJ Snake,105,76,78,-4,59,3:44,50,Electronic,happy,https://lh3.googleusercontent.com/u/0/d/1JZvUzevv1RF-4C5XOTd_5SOUo1hcWBbc
988,Television / So Far So Good,Rex Orange County,165,51,40,-8,32,4:22,59,Pop Indie,relaxed,https://lh3.googleusercontent.com/u/0/d/1_8QJDx1gQPMo2NCZTDoRqSuYFkeSX5PK
989,Until I Found You,Stephen Sanchez,202,50,35,-6,19,3:04,76,Pop,relaxed,https://lh3.googleusercontent.com/u/0/d/1NCwyxifPejvLYmFGhLf1S3IV9uysY7Fd
990,Melting,Kali Uchis,115,48,57,-8,30,3:29,18,R&B,relaxed,https://lh3.googleusercontent.com/u/0/d/1WFFT9Cxsy0WDPJ3D8FC3VvRzsq-wC2BZ
991,Runaway,AURORA,114,30,42,-9,12,4:09,63,Pop Indie,sad,https://lh3.googleusercontent.com/u/0/d/15ODPx0EMKscFhQbdt3Wx--cgGHgz0O9D
992,So High,Doja Cat,132,57,65,-6,66,3:22,13,Pop,relaxed,https://lh3.googleusercontent.com/u/0/d/1rwFF9YfXWiqlPUaUsbpGhGZpIygMIjhG
993,Setapak Sriwedari,MALIQ & D'Essentials,117,81,59,-5,77,4:10,25,R&B,happy,https://lh3.googleusercontent.com/u/0/d/1JWpUktDAbzffdh3BLaFi5uYA1huPgr6E
994,Satu Mimpiku,Yovie Widianto,91,87,54,-5,44,4:21,61,Pop,happy,https://lh3.googleusercontent.com/u/0/d/1RvTGKdiPZ_KacQIkMPWo683KRKu5qEfv
995,Seluruh Nafas Ini (feat. Giselle),Last Child,127,53,56,-5,27,4:52,22,Rock,sad,https://lh3.googleusercontent.com/u/0/d/14ykcFsj2hikXzRPzq2CvwxgYgzwT7Ep7
996,Diary Depresiku,Last Child,132,75,57,-9,50,5:17,2,Rock,angry,https://lh3.googleusercontent.com/u/0/d/14iQjkwy6MY43jQqmst6mnPMla88FWiMG
997,Abadi,Dendi Nata,140,72,48,-6,41,4:54,4,Pop Indo,sad,https://lh3.googleusercontent.com/u/0/d/14rNs9DG-VpUeaLH_2WBWnhmEXb6GBgH6
998,Location Unknown ◐ (feat. BEKA) - Brooklyn Session,HONNE,92,29,51,-7,40,5:24,94,R&B,sad,https://lh3.googleusercontent.com/u/0/d/1C-GsW-t1XXTBC_-xwBQxbSgPjusUQPm7
999,Melompat Lebih Tinggi,Lomba Sihir,166,83,45,-4,85,3:40,1,Pop Indie,happy,https://lh3.googleusercontent.com/u/0/d/1nrT9ulShdprx3AAos2q84wmXJkj_Q7ol
1000,Where We Are,Westlife,75,74,47,-5,36,3:57,42,Pop,sad,https://lh3.googleusercontent.com/u/0/d/1Qy1IUCXpSKySg-OBGHhgE09hXoWE3HQ9
1001,Where We Are,One Dayline,125,73,62,-7,74,4:10,2,Pop Indo,happy,https://lh3.googleusercontent.com/u/0/d/1cDRKJIcsVkc0TKVNHVEhlFCdH28mUuuo
1002,Teh Hijau,Tulus,101,57,71,-8,78,3:31,63,Jazz,relaxed,https://lh3.googleusercontent.com/u/0/d/1vROyPHZBWETNMoArQECXDBH8L5ubk3Km